solid ASCII
  facet normal -9.990482e-01 4.361939e-02 0.000000e+00
    outer loop
      vertex   1.337327e+02 -2.077212e+02 2.000000e+01
      vertex   1.337327e+02 -2.077212e+02 2.700000e+01
      vertex   1.338610e+02 -2.047823e+02 2.000000e+01
    endloop
  endfacet
  facet normal -9.990482e-01 4.361939e-02 0.000000e+00
    outer loop
      vertex   1.338610e+02 -2.047823e+02 2.000000e+01
      vertex   1.337327e+02 -2.077212e+02 2.700000e+01
      vertex   1.338610e+02 -2.047823e+02 2.700000e+01
    endloop
  endfacet
  facet normal -9.990482e-01 -4.361939e-02 0.000000e+00
    outer loop
      vertex   1.338610e+02 -2.047823e+02 2.000000e+01
      vertex   1.338610e+02 -2.047823e+02 2.700000e+01
      vertex   1.337327e+02 -2.018435e+02 2.000000e+01
    endloop
  endfacet
  facet normal -9.990482e-01 -4.361939e-02 0.000000e+00
    outer loop
      vertex   1.337327e+02 -2.018435e+02 2.000000e+01
      vertex   1.338610e+02 -2.047823e+02 2.700000e+01
      vertex   1.337327e+02 -2.018435e+02 2.700000e+01
    endloop
  endfacet
  facet normal -9.914449e-01 -1.305262e-01 0.000000e+00
    outer loop
      vertex   1.337327e+02 -2.018435e+02 2.000000e+01
      vertex   1.337327e+02 -2.018435e+02 2.700000e+01
      vertex   1.333488e+02 -1.989270e+02 2.000000e+01
    endloop
  endfacet
  facet normal -9.914449e-01 -1.305262e-01 0.000000e+00
    outer loop
      vertex   1.333488e+02 -1.989270e+02 2.000000e+01
      vertex   1.337327e+02 -2.018435e+02 2.700000e+01
      vertex   1.333488e+02 -1.989270e+02 2.700000e+01
    endloop
  endfacet
  facet normal -9.762960e-01 -2.164396e-01 0.000000e+00
    outer loop
      vertex   1.333488e+02 -1.989270e+02 2.000000e+01
      vertex   1.333488e+02 -1.989270e+02 2.700000e+01
      vertex   1.327121e+02 -1.960551e+02 2.000000e+01
    endloop
  endfacet
  facet normal -9.762960e-01 -2.164396e-01 -1.757595e-15
    outer loop
      vertex   1.327121e+02 -1.960551e+02 2.000000e+01
      vertex   1.333488e+02 -1.989270e+02 2.700000e+01
      vertex   1.327121e+02 -1.960551e+02 2.700000e+01
    endloop
  endfacet
  facet normal -9.537170e-01 -3.007058e-01 -2.441878e-15
    outer loop
      vertex   1.327121e+02 -1.960551e+02 2.000000e+01
      vertex   1.327121e+02 -1.960551e+02 2.700000e+01
      vertex   1.318275e+02 -1.932496e+02 2.000000e+01
    endloop
  endfacet
  facet normal -9.537170e-01 -3.007058e-01 0.000000e+00
    outer loop
      vertex   1.318275e+02 -1.932496e+02 2.000000e+01
      vertex   1.327121e+02 -1.960551e+02 2.700000e+01
      vertex   1.318275e+02 -1.932496e+02 2.700000e+01
    endloop
  endfacet
  facet normal -9.238795e-01 -3.826834e-01 0.000000e+00
    outer loop
      vertex   1.318275e+02 -1.932496e+02 2.000000e+01
      vertex   1.318275e+02 -1.932496e+02 2.700000e+01
      vertex   1.307018e+02 -1.905319e+02 2.000000e+01
    endloop
  endfacet
  facet normal -9.238795e-01 -3.826834e-01 0.000000e+00
    outer loop
      vertex   1.307018e+02 -1.905319e+02 2.000000e+01
      vertex   1.318275e+02 -1.932496e+02 2.700000e+01
      vertex   1.307018e+02 -1.905319e+02 2.700000e+01
    endloop
  endfacet
  facet normal -8.870108e-01 -4.617486e-01 0.000000e+00
    outer loop
      vertex   1.307018e+02 -1.905319e+02 2.000000e+01
      vertex   1.307018e+02 -1.905319e+02 2.700000e+01
      vertex   1.293435e+02 -1.879226e+02 2.000000e+01
    endloop
  endfacet
  facet normal -8.870108e-01 -4.617486e-01 3.749624e-15
    outer loop
      vertex   1.293435e+02 -1.879226e+02 2.000000e+01
      vertex   1.307018e+02 -1.905319e+02 2.700000e+01
      vertex   1.293435e+02 -1.879226e+02 2.700000e+01
    endloop
  endfacet
  facet normal -8.433914e-01 -5.372996e-01 4.363135e-15
    outer loop
      vertex   1.293435e+02 -1.879226e+02 2.000000e+01
      vertex   1.293435e+02 -1.879226e+02 2.700000e+01
      vertex   1.277630e+02 -1.854417e+02 2.000000e+01
    endloop
  endfacet
  facet normal -8.433914e-01 -5.372996e-01 0.000000e+00
    outer loop
      vertex   1.277630e+02 -1.854417e+02 2.000000e+01
      vertex   1.293435e+02 -1.879226e+02 2.700000e+01
      vertex   1.277630e+02 -1.854417e+02 2.700000e+01
    endloop
  endfacet
  facet normal -7.933533e-01 -6.087614e-01 0.000000e+00
    outer loop
      vertex   1.277630e+02 -1.854417e+02 2.000000e+01
      vertex   1.277630e+02 -1.854417e+02 2.700000e+01
      vertex   1.259722e+02 -1.831079e+02 2.000000e+01
    endloop
  endfacet
  facet normal -7.933533e-01 -6.087614e-01 0.000000e+00
    outer loop
      vertex   1.259722e+02 -1.831079e+02 2.000000e+01
      vertex   1.277630e+02 -1.854417e+02 2.700000e+01
      vertex   1.259722e+02 -1.831079e+02 2.700000e+01
    endloop
  endfacet
  facet normal -7.372773e-01 -6.755902e-01 0.000000e+00
    outer loop
      vertex   1.259722e+02 -1.831079e+02 2.000000e+01
      vertex   1.259722e+02 -1.831079e+02 2.700000e+01
      vertex   1.239849e+02 -1.809391e+02 2.000000e+01
    endloop
  endfacet
  facet normal -7.372773e-01 -6.755902e-01 0.000000e+00
    outer loop
      vertex   1.239849e+02 -1.809391e+02 2.000000e+01
      vertex   1.259722e+02 -1.831079e+02 2.700000e+01
      vertex   1.239849e+02 -1.809391e+02 2.700000e+01
    endloop
  endfacet
  facet normal -6.755902e-01 -7.372773e-01 0.000000e+00
    outer loop
      vertex   1.239849e+02 -1.809391e+02 2.000000e+01
      vertex   1.239849e+02 -1.809391e+02 2.700000e+01
      vertex   1.218161e+02 -1.789518e+02 2.000000e+01
    endloop
  endfacet
  facet normal -6.755902e-01 -7.372773e-01 0.000000e+00
    outer loop
      vertex   1.218161e+02 -1.789518e+02 2.000000e+01
      vertex   1.239849e+02 -1.809391e+02 2.700000e+01
      vertex   1.218161e+02 -1.789518e+02 2.700000e+01
    endloop
  endfacet
  facet normal -6.087614e-01 -7.933533e-01 0.000000e+00
    outer loop
      vertex   1.218161e+02 -1.789518e+02 2.000000e+01
      vertex   1.218161e+02 -1.789518e+02 2.700000e+01
      vertex   1.194823e+02 -1.771610e+02 2.000000e+01
    endloop
  endfacet
  facet normal -6.087614e-01 -7.933533e-01 0.000000e+00
    outer loop
      vertex   1.194823e+02 -1.771610e+02 2.000000e+01
      vertex   1.218161e+02 -1.789518e+02 2.700000e+01
      vertex   1.194823e+02 -1.771610e+02 2.700000e+01
    endloop
  endfacet
  facet normal -5.372996e-01 -8.433914e-01 0.000000e+00
    outer loop
      vertex   1.194823e+02 -1.771610e+02 2.000000e+01
      vertex   1.194823e+02 -1.771610e+02 2.700000e+01
      vertex   1.170013e+02 -1.755805e+02 2.000000e+01
    endloop
  endfacet
  facet normal -5.372996e-01 -8.433914e-01 0.000000e+00
    outer loop
      vertex   1.170013e+02 -1.755805e+02 2.000000e+01
      vertex   1.194823e+02 -1.771610e+02 2.700000e+01
      vertex   1.170013e+02 -1.755805e+02 2.700000e+01
    endloop
  endfacet
  facet normal -4.617486e-01 -8.870108e-01 0.000000e+00
    outer loop
      vertex   1.170013e+02 -1.755805e+02 2.000000e+01
      vertex   1.170013e+02 -1.755805e+02 2.700000e+01
      vertex   1.143921e+02 -1.742222e+02 2.000000e+01
    endloop
  endfacet
  facet normal -4.617486e-01 -8.870108e-01 -1.874812e-15
    outer loop
      vertex   1.143921e+02 -1.742222e+02 2.000000e+01
      vertex   1.170013e+02 -1.755805e+02 2.700000e+01
      vertex   1.143921e+02 -1.742222e+02 2.700000e+01
    endloop
  endfacet
  facet normal -3.826834e-01 -9.238795e-01 -1.553788e-15
    outer loop
      vertex   1.143921e+02 -1.742222e+02 2.000000e+01
      vertex   1.143921e+02 -1.742222e+02 2.700000e+01
      vertex   1.116744e+02 -1.730965e+02 2.000000e+01
    endloop
  endfacet
  facet normal -3.826834e-01 -9.238795e-01 2.974282e-15
    outer loop
      vertex   1.116744e+02 -1.730965e+02 2.000000e+01
      vertex   1.143921e+02 -1.742222e+02 2.700000e+01
      vertex   1.116744e+02 -1.730965e+02 2.700000e+01
    endloop
  endfacet
  facet normal -3.007058e-01 -9.537170e-01 3.261854e-15
    outer loop
      vertex   1.116744e+02 -1.730965e+02 2.000000e+01
      vertex   1.116744e+02 -1.730965e+02 2.700000e+01
      vertex   1.088689e+02 -1.722119e+02 2.000000e+01
    endloop
  endfacet
  facet normal -3.007058e-01 -9.537170e-01 -6.104695e-16
    outer loop
      vertex   1.088689e+02 -1.722119e+02 2.000000e+01
      vertex   1.116744e+02 -1.730965e+02 2.700000e+01
      vertex   1.088689e+02 -1.722119e+02 2.700000e+01
    endloop
  endfacet
  facet normal -2.164396e-01 -9.762960e-01 -4.393988e-16
    outer loop
      vertex   1.088689e+02 -1.722119e+02 2.000000e+01
      vertex   1.088689e+02 -1.722119e+02 2.700000e+01
      vertex   1.059970e+02 -1.715752e+02 2.000000e+01
    endloop
  endfacet
  facet normal -2.164396e-01 -9.762960e-01 -4.393988e-16
    outer loop
      vertex   1.059970e+02 -1.715752e+02 2.000000e+01
      vertex   1.088689e+02 -1.722119e+02 2.700000e+01
      vertex   1.059970e+02 -1.715752e+02 2.700000e+01
    endloop
  endfacet
  facet normal -1.305262e-01 -9.914449e-01 -2.649841e-16
    outer loop
      vertex   1.059970e+02 -1.715752e+02 2.000000e+01
      vertex   1.059970e+02 -1.715752e+02 2.700000e+01
      vertex   1.030805e+02 -1.711913e+02 2.000000e+01
    endloop
  endfacet
  facet normal -1.305262e-01 -9.914449e-01 -2.649841e-16
    outer loop
      vertex   1.030805e+02 -1.711913e+02 2.000000e+01
      vertex   1.059970e+02 -1.715752e+02 2.700000e+01
      vertex   1.030805e+02 -1.711913e+02 2.700000e+01
    endloop
  endfacet
  facet normal -4.361939e-02 -9.990482e-01 -8.855268e-17
    outer loop
      vertex   1.030805e+02 -1.711913e+02 2.000000e+01
      vertex   1.030805e+02 -1.711913e+02 2.700000e+01
      vertex   1.001416e+02 -1.710629e+02 2.000000e+01
    endloop
  endfacet
  facet normal -4.361939e-02 -9.990482e-01 0.000000e+00
    outer loop
      vertex   1.001416e+02 -1.710629e+02 2.000000e+01
      vertex   1.030805e+02 -1.711913e+02 2.700000e+01
      vertex   1.001416e+02 -1.710629e+02 2.700000e+01
    endloop
  endfacet
  facet normal 4.361939e-02 -9.990482e-01 0.000000e+00
    outer loop
      vertex   1.001416e+02 -1.710629e+02 2.000000e+01
      vertex   1.001416e+02 -1.710629e+02 2.700000e+01
      vertex   9.720281e+01 -1.711913e+02 2.000000e+01
    endloop
  endfacet
  facet normal 4.361939e-02 -9.990482e-01 0.000000e+00
    outer loop
      vertex   9.720281e+01 -1.711913e+02 2.000000e+01
      vertex   1.001416e+02 -1.710629e+02 2.700000e+01
      vertex   9.720281e+01 -1.711913e+02 2.700000e+01
    endloop
  endfacet
  facet normal 1.305262e-01 -9.914449e-01 0.000000e+00
    outer loop
      vertex   9.720281e+01 -1.711913e+02 2.000000e+01
      vertex   9.720281e+01 -1.711913e+02 2.700000e+01
      vertex   9.428633e+01 -1.715752e+02 2.000000e+01
    endloop
  endfacet
  facet normal 1.305262e-01 -9.914449e-01 -2.649841e-16
    outer loop
      vertex   9.428633e+01 -1.715752e+02 2.000000e+01
      vertex   9.720281e+01 -1.711913e+02 2.700000e+01
      vertex   9.428633e+01 -1.715752e+02 2.700000e+01
    endloop
  endfacet
  facet normal 2.164396e-01 -9.762960e-01 -4.393988e-16
    outer loop
      vertex   9.428633e+01 -1.715752e+02 2.000000e+01
      vertex   9.428633e+01 -1.715752e+02 2.700000e+01
      vertex   9.141442e+01 -1.722119e+02 2.000000e+01
    endloop
  endfacet
  facet normal 2.164396e-01 -9.762960e-01 -4.393988e-16
    outer loop
      vertex   9.141442e+01 -1.722119e+02 2.000000e+01
      vertex   9.428633e+01 -1.715752e+02 2.700000e+01
      vertex   9.141442e+01 -1.722119e+02 2.700000e+01
    endloop
  endfacet
  facet normal 3.007058e-01 -9.537170e-01 -6.104695e-16
    outer loop
      vertex   9.141442e+01 -1.722119e+02 2.000000e+01
      vertex   9.141442e+01 -1.722119e+02 2.700000e+01
      vertex   8.860893e+01 -1.730965e+02 2.000000e+01
    endloop
  endfacet
  facet normal 3.007058e-01 -9.537170e-01 6.104695e-16
    outer loop
      vertex   8.860893e+01 -1.730965e+02 2.000000e+01
      vertex   9.141442e+01 -1.722119e+02 2.700000e+01
      vertex   8.860893e+01 -1.730965e+02 2.700000e+01
    endloop
  endfacet
  facet normal 3.826834e-01 -9.238795e-01 7.768941e-16
    outer loop
      vertex   8.860893e+01 -1.730965e+02 2.000000e+01
      vertex   8.860893e+01 -1.730965e+02 2.700000e+01
      vertex   8.589121e+01 -1.742222e+02 2.000000e+01
    endloop
  endfacet
  facet normal 3.826834e-01 -9.238795e-01 7.768941e-16
    outer loop
      vertex   8.589121e+01 -1.742222e+02 2.000000e+01
      vertex   8.860893e+01 -1.730965e+02 2.700000e+01
      vertex   8.589121e+01 -1.742222e+02 2.700000e+01
    endloop
  endfacet
  facet normal 4.617486e-01 -8.870108e-01 9.374061e-16
    outer loop
      vertex   8.589121e+01 -1.742222e+02 2.000000e+01
      vertex   8.589121e+01 -1.742222e+02 2.700000e+01
      vertex   8.328194e+01 -1.755805e+02 2.000000e+01
    endloop
  endfacet
  facet normal 4.617486e-01 -8.870108e-01 9.374061e-16
    outer loop
      vertex   8.328194e+01 -1.755805e+02 2.000000e+01
      vertex   8.589121e+01 -1.742222e+02 2.700000e+01
      vertex   8.328194e+01 -1.755805e+02 2.700000e+01
    endloop
  endfacet
  facet normal 5.372996e-01 -8.433914e-01 1.090784e-15
    outer loop
      vertex   8.328194e+01 -1.755805e+02 2.000000e+01
      vertex   8.328194e+01 -1.755805e+02 2.700000e+01
      vertex   8.080099e+01 -1.771610e+02 2.000000e+01
    endloop
  endfacet
  facet normal 5.372996e-01 -8.433914e-01 1.090784e-15
    outer loop
      vertex   8.080099e+01 -1.771610e+02 2.000000e+01
      vertex   8.328194e+01 -1.755805e+02 2.700000e+01
      vertex   8.080099e+01 -1.771610e+02 2.700000e+01
    endloop
  endfacet
  facet normal 6.087614e-01 -7.933533e-01 1.235860e-15
    outer loop
      vertex   8.080099e+01 -1.771610e+02 2.000000e+01
      vertex   8.080099e+01 -1.771610e+02 2.700000e+01
      vertex   7.846723e+01 -1.789518e+02 2.000000e+01
    endloop
  endfacet
  facet normal 6.087614e-01 -7.933533e-01 0.000000e+00
    outer loop
      vertex   7.846723e+01 -1.789518e+02 2.000000e+01
      vertex   8.080099e+01 -1.771610e+02 2.700000e+01
      vertex   7.846723e+01 -1.789518e+02 2.700000e+01
    endloop
  endfacet
  facet normal 6.755902e-01 -7.372773e-01 0.000000e+00
    outer loop
      vertex   7.846723e+01 -1.789518e+02 2.000000e+01
      vertex   7.846723e+01 -1.789518e+02 2.700000e+01
      vertex   7.629843e+01 -1.809391e+02 2.000000e+01
    endloop
  endfacet
  facet normal 6.755902e-01 -7.372773e-01 0.000000e+00
    outer loop
      vertex   7.629843e+01 -1.809391e+02 2.000000e+01
      vertex   7.846723e+01 -1.789518e+02 2.700000e+01
      vertex   7.629843e+01 -1.809391e+02 2.700000e+01
    endloop
  endfacet
  facet normal 7.372773e-01 -6.755902e-01 0.000000e+00
    outer loop
      vertex   7.629843e+01 -1.809391e+02 2.000000e+01
      vertex   7.629843e+01 -1.809391e+02 2.700000e+01
      vertex   7.431108e+01 -1.831079e+02 2.000000e+01
    endloop
  endfacet
  facet normal 7.372773e-01 -6.755902e-01 0.000000e+00
    outer loop
      vertex   7.431108e+01 -1.831079e+02 2.000000e+01
      vertex   7.629843e+01 -1.809391e+02 2.700000e+01
      vertex   7.431108e+01 -1.831079e+02 2.700000e+01
    endloop
  endfacet
  facet normal 7.933533e-01 -6.087614e-01 0.000000e+00
    outer loop
      vertex   7.431108e+01 -1.831079e+02 2.000000e+01
      vertex   7.431108e+01 -1.831079e+02 2.700000e+01
      vertex   7.252033e+01 -1.854417e+02 2.000000e+01
    endloop
  endfacet
  facet normal 7.933533e-01 -6.087614e-01 -2.471720e-15
    outer loop
      vertex   7.252033e+01 -1.854417e+02 2.000000e+01
      vertex   7.431108e+01 -1.831079e+02 2.700000e+01
      vertex   7.252033e+01 -1.854417e+02 2.700000e+01
    endloop
  endfacet
  facet normal 8.433914e-01 -5.372996e-01 -2.181568e-15
    outer loop
      vertex   7.252033e+01 -1.854417e+02 2.000000e+01
      vertex   7.252033e+01 -1.854417e+02 2.700000e+01
      vertex   7.093979e+01 -1.879226e+02 2.000000e+01
    endloop
  endfacet
  facet normal 8.433914e-01 -5.372996e-01 0.000000e+00
    outer loop
      vertex   7.093979e+01 -1.879226e+02 2.000000e+01
      vertex   7.252033e+01 -1.854417e+02 2.700000e+01
      vertex   7.093979e+01 -1.879226e+02 2.700000e+01
    endloop
  endfacet
  facet normal 8.870108e-01 -4.617486e-01 0.000000e+00
    outer loop
      vertex   7.093979e+01 -1.879226e+02 2.000000e+01
      vertex   7.093979e+01 -1.879226e+02 2.700000e+01
      vertex   6.958149e+01 -1.905319e+02 2.000000e+01
    endloop
  endfacet
  facet normal 8.870108e-01 -4.617486e-01 0.000000e+00
    outer loop
      vertex   6.958149e+01 -1.905319e+02 2.000000e+01
      vertex   7.093979e+01 -1.879226e+02 2.700000e+01
      vertex   6.958149e+01 -1.905319e+02 2.700000e+01
    endloop
  endfacet
  facet normal 9.238795e-01 -3.826834e-01 0.000000e+00
    outer loop
      vertex   6.958149e+01 -1.905319e+02 2.000000e+01
      vertex   6.958149e+01 -1.905319e+02 2.700000e+01
      vertex   6.845577e+01 -1.932496e+02 2.000000e+01
    endloop
  endfacet
  facet normal 9.238795e-01 -3.826834e-01 0.000000e+00
    outer loop
      vertex   6.845577e+01 -1.932496e+02 2.000000e+01
      vertex   6.958149e+01 -1.905319e+02 2.700000e+01
      vertex   6.845577e+01 -1.932496e+02 2.700000e+01
    endloop
  endfacet
  facet normal 9.537170e-01 -3.007058e-01 0.000000e+00
    outer loop
      vertex   6.845577e+01 -1.932496e+02 2.000000e+01
      vertex   6.845577e+01 -1.932496e+02 2.700000e+01
      vertex   6.757120e+01 -1.960551e+02 2.000000e+01
    endloop
  endfacet
  facet normal 9.537170e-01 -3.007058e-01 0.000000e+00
    outer loop
      vertex   6.757120e+01 -1.960551e+02 2.000000e+01
      vertex   6.845577e+01 -1.932496e+02 2.700000e+01
      vertex   6.757120e+01 -1.960551e+02 2.700000e+01
    endloop
  endfacet
  facet normal 9.762960e-01 -2.164396e-01 0.000000e+00
    outer loop
      vertex   6.757120e+01 -1.960551e+02 2.000000e+01
      vertex   6.757120e+01 -1.960551e+02 2.700000e+01
      vertex   6.693452e+01 -1.989270e+02 2.000000e+01
    endloop
  endfacet
  facet normal 9.762960e-01 -2.164396e-01 0.000000e+00
    outer loop
      vertex   6.693452e+01 -1.989270e+02 2.000000e+01
      vertex   6.757120e+01 -1.960551e+02 2.700000e+01
      vertex   6.693452e+01 -1.989270e+02 2.700000e+01
    endloop
  endfacet
  facet normal 9.914449e-01 -1.305262e-01 0.000000e+00
    outer loop
      vertex   6.693452e+01 -1.989270e+02 2.000000e+01
      vertex   6.693452e+01 -1.989270e+02 2.700000e+01
      vertex   6.655055e+01 -2.018435e+02 2.000000e+01
    endloop
  endfacet
  facet normal 9.914449e-01 -1.305262e-01 0.000000e+00
    outer loop
      vertex   6.655055e+01 -2.018435e+02 2.000000e+01
      vertex   6.693452e+01 -1.989270e+02 2.700000e+01
      vertex   6.655055e+01 -2.018435e+02 2.700000e+01
    endloop
  endfacet
  facet normal 9.990482e-01 -4.361939e-02 0.000000e+00
    outer loop
      vertex   6.655055e+01 -2.018435e+02 2.000000e+01
      vertex   6.655055e+01 -2.018435e+02 2.700000e+01
      vertex   6.642224e+01 -2.047823e+02 2.000000e+01
    endloop
  endfacet
  facet normal 9.990482e-01 -4.361939e-02 0.000000e+00
    outer loop
      vertex   6.642224e+01 -2.047823e+02 2.000000e+01
      vertex   6.655055e+01 -2.018435e+02 2.700000e+01
      vertex   6.642224e+01 -2.047823e+02 2.700000e+01
    endloop
  endfacet
  facet normal 9.990482e-01 4.361939e-02 -0.000000e+00
    outer loop
      vertex   6.642224e+01 -2.047823e+02 2.000000e+01
      vertex   6.642224e+01 -2.047823e+02 2.700000e+01
      vertex   6.655055e+01 -2.077212e+02 2.000000e+01
    endloop
  endfacet
  facet normal 9.990482e-01 4.361939e-02 -0.000000e+00
    outer loop
      vertex   6.655055e+01 -2.077212e+02 2.000000e+01
      vertex   6.642224e+01 -2.047823e+02 2.700000e+01
      vertex   6.655055e+01 -2.077212e+02 2.700000e+01
    endloop
  endfacet
  facet normal 9.914449e-01 1.305262e-01 -0.000000e+00
    outer loop
      vertex   6.655055e+01 -2.077212e+02 2.000000e+01
      vertex   6.655055e+01 -2.077212e+02 2.700000e+01
      vertex   6.693452e+01 -2.106377e+02 2.000000e+01
    endloop
  endfacet
  facet normal 9.914449e-01 1.305262e-01 -0.000000e+00
    outer loop
      vertex   6.693452e+01 -2.106377e+02 2.000000e+01
      vertex   6.655055e+01 -2.077212e+02 2.700000e+01
      vertex   6.693452e+01 -2.106377e+02 2.700000e+01
    endloop
  endfacet
  facet normal 9.762960e-01 2.164396e-01 -0.000000e+00
    outer loop
      vertex   6.693452e+01 -2.106377e+02 2.000000e+01
      vertex   6.693452e+01 -2.106377e+02 2.700000e+01
      vertex   6.757120e+01 -2.135096e+02 2.000000e+01
    endloop
  endfacet
  facet normal 9.762960e-01 2.164396e-01 -0.000000e+00
    outer loop
      vertex   6.757120e+01 -2.135096e+02 2.000000e+01
      vertex   6.693452e+01 -2.106377e+02 2.700000e+01
      vertex   6.757120e+01 -2.135096e+02 2.700000e+01
    endloop
  endfacet
  facet normal 9.537170e-01 3.007058e-01 -0.000000e+00
    outer loop
      vertex   6.757120e+01 -2.135096e+02 2.000000e+01
      vertex   6.757120e+01 -2.135096e+02 2.700000e+01
      vertex   6.845577e+01 -2.163151e+02 2.000000e+01
    endloop
  endfacet
  facet normal 9.537170e-01 3.007058e-01 -0.000000e+00
    outer loop
      vertex   6.845577e+01 -2.163151e+02 2.000000e+01
      vertex   6.757120e+01 -2.135096e+02 2.700000e+01
      vertex   6.845577e+01 -2.163151e+02 2.700000e+01
    endloop
  endfacet
  facet normal 9.238795e-01 3.826834e-01 -0.000000e+00
    outer loop
      vertex   6.845577e+01 -2.163151e+02 2.000000e+01
      vertex   6.845577e+01 -2.163151e+02 2.700000e+01
      vertex   6.958149e+01 -2.190328e+02 2.000000e+01
    endloop
  endfacet
  facet normal 9.238795e-01 3.826834e-01 -0.000000e+00
    outer loop
      vertex   6.958149e+01 -2.190328e+02 2.000000e+01
      vertex   6.845577e+01 -2.163151e+02 2.700000e+01
      vertex   6.958149e+01 -2.190328e+02 2.700000e+01
    endloop
  endfacet
  facet normal 8.870108e-01 4.617486e-01 -0.000000e+00
    outer loop
      vertex   6.958149e+01 -2.190328e+02 2.000000e+01
      vertex   6.958149e+01 -2.190328e+02 2.700000e+01
      vertex   7.093979e+01 -2.216420e+02 2.000000e+01
    endloop
  endfacet
  facet normal 8.870108e-01 4.617486e-01 -0.000000e+00
    outer loop
      vertex   7.093979e+01 -2.216420e+02 2.000000e+01
      vertex   6.958149e+01 -2.190328e+02 2.700000e+01
      vertex   7.093979e+01 -2.216420e+02 2.700000e+01
    endloop
  endfacet
  facet normal 8.433914e-01 5.372996e-01 -0.000000e+00
    outer loop
      vertex   7.093979e+01 -2.216420e+02 2.000000e+01
      vertex   7.093979e+01 -2.216420e+02 2.700000e+01
      vertex   7.252033e+01 -2.241230e+02 2.000000e+01
    endloop
  endfacet
  facet normal 8.433914e-01 5.372996e-01 2.181568e-15
    outer loop
      vertex   7.252033e+01 -2.241230e+02 2.000000e+01
      vertex   7.093979e+01 -2.216420e+02 2.700000e+01
      vertex   7.252033e+01 -2.241230e+02 2.700000e+01
    endloop
  endfacet
  facet normal 7.933533e-01 6.087614e-01 2.471720e-15
    outer loop
      vertex   7.252033e+01 -2.241230e+02 2.000000e+01
      vertex   7.252033e+01 -2.241230e+02 2.700000e+01
      vertex   7.431108e+01 -2.264568e+02 2.000000e+01
    endloop
  endfacet
  facet normal 7.933533e-01 6.087614e-01 -0.000000e+00
    outer loop
      vertex   7.431108e+01 -2.264568e+02 2.000000e+01
      vertex   7.252033e+01 -2.241230e+02 2.700000e+01
      vertex   7.431108e+01 -2.264568e+02 2.700000e+01
    endloop
  endfacet
  facet normal 7.372773e-01 6.755902e-01 -0.000000e+00
    outer loop
      vertex   7.431108e+01 -2.264568e+02 2.000000e+01
      vertex   7.431108e+01 -2.264568e+02 2.700000e+01
      vertex   7.629843e+01 -2.286256e+02 2.000000e+01
    endloop
  endfacet
  facet normal 7.372773e-01 6.755902e-01 -0.000000e+00
    outer loop
      vertex   7.629843e+01 -2.286256e+02 2.000000e+01
      vertex   7.431108e+01 -2.264568e+02 2.700000e+01
      vertex   7.629843e+01 -2.286256e+02 2.700000e+01
    endloop
  endfacet
  facet normal 6.755902e-01 7.372773e-01 -0.000000e+00
    outer loop
      vertex   7.629843e+01 -2.286256e+02 2.000000e+01
      vertex   7.629843e+01 -2.286256e+02 2.700000e+01
      vertex   7.846723e+01 -2.306129e+02 2.000000e+01
    endloop
  endfacet
  facet normal 6.755902e-01 7.372773e-01 -0.000000e+00
    outer loop
      vertex   7.846723e+01 -2.306129e+02 2.000000e+01
      vertex   7.629843e+01 -2.286256e+02 2.700000e+01
      vertex   7.846723e+01 -2.306129e+02 2.700000e+01
    endloop
  endfacet
  facet normal 6.087614e-01 7.933533e-01 -0.000000e+00
    outer loop
      vertex   7.846723e+01 -2.306129e+02 2.000000e+01
      vertex   7.846723e+01 -2.306129e+02 2.700000e+01
      vertex   8.080099e+01 -2.324037e+02 2.000000e+01
    endloop
  endfacet
  facet normal 6.087614e-01 7.933533e-01 -1.235860e-15
    outer loop
      vertex   8.080099e+01 -2.324037e+02 2.000000e+01
      vertex   7.846723e+01 -2.306129e+02 2.700000e+01
      vertex   8.080099e+01 -2.324037e+02 2.700000e+01
    endloop
  endfacet
  facet normal 5.372996e-01 8.433914e-01 -1.090784e-15
    outer loop
      vertex   8.080099e+01 -2.324037e+02 2.000000e+01
      vertex   8.080099e+01 -2.324037e+02 2.700000e+01
      vertex   8.328194e+01 -2.339842e+02 2.000000e+01
    endloop
  endfacet
  facet normal 5.372996e-01 8.433914e-01 -1.090784e-15
    outer loop
      vertex   8.328194e+01 -2.339842e+02 2.000000e+01
      vertex   8.080099e+01 -2.324037e+02 2.700000e+01
      vertex   8.328194e+01 -2.339842e+02 2.700000e+01
    endloop
  endfacet
  facet normal 4.617486e-01 8.870108e-01 -9.374061e-16
    outer loop
      vertex   8.328194e+01 -2.339842e+02 2.000000e+01
      vertex   8.328194e+01 -2.339842e+02 2.700000e+01
      vertex   8.589121e+01 -2.353425e+02 2.000000e+01
    endloop
  endfacet
  facet normal 4.617486e-01 8.870108e-01 -9.374061e-16
    outer loop
      vertex   8.589121e+01 -2.353425e+02 2.000000e+01
      vertex   8.328194e+01 -2.339842e+02 2.700000e+01
      vertex   8.589121e+01 -2.353425e+02 2.700000e+01
    endloop
  endfacet
  facet normal 3.826834e-01 9.238795e-01 -7.768941e-16
    outer loop
      vertex   8.589121e+01 -2.353425e+02 2.000000e+01
      vertex   8.589121e+01 -2.353425e+02 2.700000e+01
      vertex   8.860893e+01 -2.364682e+02 2.000000e+01
    endloop
  endfacet
  facet normal 3.826834e-01 9.238795e-01 -7.768941e-16
    outer loop
      vertex   8.860893e+01 -2.364682e+02 2.000000e+01
      vertex   8.589121e+01 -2.353425e+02 2.700000e+01
      vertex   8.860893e+01 -2.364682e+02 2.700000e+01
    endloop
  endfacet
  facet normal 3.007058e-01 9.537170e-01 -6.104695e-16
    outer loop
      vertex   8.860893e+01 -2.364682e+02 2.000000e+01
      vertex   8.860893e+01 -2.364682e+02 2.700000e+01
      vertex   9.141442e+01 -2.373528e+02 2.000000e+01
    endloop
  endfacet
  facet normal 3.007058e-01 9.537170e-01 6.104695e-16
    outer loop
      vertex   9.141442e+01 -2.373528e+02 2.000000e+01
      vertex   8.860893e+01 -2.364682e+02 2.700000e+01
      vertex   9.141442e+01 -2.373528e+02 2.700000e+01
    endloop
  endfacet
  facet normal 2.164396e-01 9.762960e-01 4.393988e-16
    outer loop
      vertex   9.141442e+01 -2.373528e+02 2.000000e+01
      vertex   9.141442e+01 -2.373528e+02 2.700000e+01
      vertex   9.428633e+01 -2.379895e+02 2.000000e+01
    endloop
  endfacet
  facet normal 2.164396e-01 9.762960e-01 4.393988e-16
    outer loop
      vertex   9.428633e+01 -2.379895e+02 2.000000e+01
      vertex   9.141442e+01 -2.373528e+02 2.700000e+01
      vertex   9.428633e+01 -2.379895e+02 2.700000e+01
    endloop
  endfacet
  facet normal 1.305262e-01 9.914449e-01 2.649841e-16
    outer loop
      vertex   9.428633e+01 -2.379895e+02 2.000000e+01
      vertex   9.428633e+01 -2.379895e+02 2.700000e+01
      vertex   9.720281e+01 -2.383734e+02 2.000000e+01
    endloop
  endfacet
  facet normal 1.305262e-01 9.914449e-01 -0.000000e+00
    outer loop
      vertex   9.720281e+01 -2.383734e+02 2.000000e+01
      vertex   9.428633e+01 -2.379895e+02 2.700000e+01
      vertex   9.720281e+01 -2.383734e+02 2.700000e+01
    endloop
  endfacet
  facet normal 4.361939e-02 9.990482e-01 -0.000000e+00
    outer loop
      vertex   9.720281e+01 -2.383734e+02 2.000000e+01
      vertex   9.720281e+01 -2.383734e+02 2.700000e+01
      vertex   1.001416e+02 -2.385017e+02 2.000000e+01
    endloop
  endfacet
  facet normal 4.361939e-02 9.990482e-01 -0.000000e+00
    outer loop
      vertex   1.001416e+02 -2.385017e+02 2.000000e+01
      vertex   9.720281e+01 -2.383734e+02 2.700000e+01
      vertex   1.001416e+02 -2.385017e+02 2.700000e+01
    endloop
  endfacet
  facet normal -4.361939e-02 9.990482e-01 0.000000e+00
    outer loop
      vertex   1.001416e+02 -2.385017e+02 2.000000e+01
      vertex   1.001416e+02 -2.385017e+02 2.700000e+01
      vertex   1.030805e+02 -2.383734e+02 2.000000e+01
    endloop
  endfacet
  facet normal -4.361939e-02 9.990482e-01 8.855268e-17
    outer loop
      vertex   1.030805e+02 -2.383734e+02 2.000000e+01
      vertex   1.001416e+02 -2.385017e+02 2.700000e+01
      vertex   1.030805e+02 -2.383734e+02 2.700000e+01
    endloop
  endfacet
  facet normal -1.305262e-01 9.914449e-01 2.649841e-16
    outer loop
      vertex   1.030805e+02 -2.383734e+02 2.000000e+01
      vertex   1.030805e+02 -2.383734e+02 2.700000e+01
      vertex   1.059970e+02 -2.379895e+02 2.000000e+01
    endloop
  endfacet
  facet normal -1.305262e-01 9.914449e-01 2.649841e-16
    outer loop
      vertex   1.059970e+02 -2.379895e+02 2.000000e+01
      vertex   1.030805e+02 -2.383734e+02 2.700000e+01
      vertex   1.059970e+02 -2.379895e+02 2.700000e+01
    endloop
  endfacet
  facet normal -2.164396e-01 9.762960e-01 4.393988e-16
    outer loop
      vertex   1.059970e+02 -2.379895e+02 2.000000e+01
      vertex   1.059970e+02 -2.379895e+02 2.700000e+01
      vertex   1.088689e+02 -2.373528e+02 2.000000e+01
    endloop
  endfacet
  facet normal -2.164396e-01 9.762960e-01 4.393988e-16
    outer loop
      vertex   1.088689e+02 -2.373528e+02 2.000000e+01
      vertex   1.059970e+02 -2.379895e+02 2.700000e+01
      vertex   1.088689e+02 -2.373528e+02 2.700000e+01
    endloop
  endfacet
  facet normal -3.007058e-01 9.537170e-01 6.104695e-16
    outer loop
      vertex   1.088689e+02 -2.373528e+02 2.000000e+01
      vertex   1.088689e+02 -2.373528e+02 2.700000e+01
      vertex   1.116744e+02 -2.364682e+02 2.000000e+01
    endloop
  endfacet
  facet normal -3.007058e-01 9.537170e-01 -3.261854e-15
    outer loop
      vertex   1.116744e+02 -2.364682e+02 2.000000e+01
      vertex   1.088689e+02 -2.373528e+02 2.700000e+01
      vertex   1.116744e+02 -2.364682e+02 2.700000e+01
    endloop
  endfacet
  facet normal -3.826834e-01 9.238795e-01 -2.974282e-15
    outer loop
      vertex   1.116744e+02 -2.364682e+02 2.000000e+01
      vertex   1.116744e+02 -2.364682e+02 2.700000e+01
      vertex   1.143921e+02 -2.353425e+02 2.000000e+01
    endloop
  endfacet
  facet normal -3.826834e-01 9.238795e-01 1.553788e-15
    outer loop
      vertex   1.143921e+02 -2.353425e+02 2.000000e+01
      vertex   1.116744e+02 -2.364682e+02 2.700000e+01
      vertex   1.143921e+02 -2.353425e+02 2.700000e+01
    endloop
  endfacet
  facet normal -4.617486e-01 8.870108e-01 1.874812e-15
    outer loop
      vertex   1.143921e+02 -2.353425e+02 2.000000e+01
      vertex   1.143921e+02 -2.353425e+02 2.700000e+01
      vertex   1.170013e+02 -2.339842e+02 2.000000e+01
    endloop
  endfacet
  facet normal -4.617486e-01 8.870108e-01 0.000000e+00
    outer loop
      vertex   1.170013e+02 -2.339842e+02 2.000000e+01
      vertex   1.143921e+02 -2.353425e+02 2.700000e+01
      vertex   1.170013e+02 -2.339842e+02 2.700000e+01
    endloop
  endfacet
  facet normal -5.372996e-01 8.433914e-01 0.000000e+00
    outer loop
      vertex   1.170013e+02 -2.339842e+02 2.000000e+01
      vertex   1.170013e+02 -2.339842e+02 2.700000e+01
      vertex   1.194823e+02 -2.324037e+02 2.000000e+01
    endloop
  endfacet
  facet normal -5.372996e-01 8.433914e-01 0.000000e+00
    outer loop
      vertex   1.194823e+02 -2.324037e+02 2.000000e+01
      vertex   1.170013e+02 -2.339842e+02 2.700000e+01
      vertex   1.194823e+02 -2.324037e+02 2.700000e+01
    endloop
  endfacet
  facet normal -6.087614e-01 7.933533e-01 0.000000e+00
    outer loop
      vertex   1.194823e+02 -2.324037e+02 2.000000e+01
      vertex   1.194823e+02 -2.324037e+02 2.700000e+01
      vertex   1.218161e+02 -2.306129e+02 2.000000e+01
    endloop
  endfacet
  facet normal -6.087614e-01 7.933533e-01 0.000000e+00
    outer loop
      vertex   1.218161e+02 -2.306129e+02 2.000000e+01
      vertex   1.194823e+02 -2.324037e+02 2.700000e+01
      vertex   1.218161e+02 -2.306129e+02 2.700000e+01
    endloop
  endfacet
  facet normal -6.755902e-01 7.372773e-01 0.000000e+00
    outer loop
      vertex   1.218161e+02 -2.306129e+02 2.000000e+01
      vertex   1.218161e+02 -2.306129e+02 2.700000e+01
      vertex   1.239849e+02 -2.286256e+02 2.000000e+01
    endloop
  endfacet
  facet normal -6.755902e-01 7.372773e-01 0.000000e+00
    outer loop
      vertex   1.239849e+02 -2.286256e+02 2.000000e+01
      vertex   1.218161e+02 -2.306129e+02 2.700000e+01
      vertex   1.239849e+02 -2.286256e+02 2.700000e+01
    endloop
  endfacet
  facet normal -7.372773e-01 6.755902e-01 0.000000e+00
    outer loop
      vertex   1.239849e+02 -2.286256e+02 2.000000e+01
      vertex   1.239849e+02 -2.286256e+02 2.700000e+01
      vertex   1.259722e+02 -2.264568e+02 2.000000e+01
    endloop
  endfacet
  facet normal -7.372773e-01 6.755902e-01 0.000000e+00
    outer loop
      vertex   1.259722e+02 -2.264568e+02 2.000000e+01
      vertex   1.239849e+02 -2.286256e+02 2.700000e+01
      vertex   1.259722e+02 -2.264568e+02 2.700000e+01
    endloop
  endfacet
  facet normal -7.933533e-01 6.087614e-01 0.000000e+00
    outer loop
      vertex   1.259722e+02 -2.264568e+02 2.000000e+01
      vertex   1.259722e+02 -2.264568e+02 2.700000e+01
      vertex   1.277630e+02 -2.241230e+02 2.000000e+01
    endloop
  endfacet
  facet normal -7.933533e-01 6.087614e-01 0.000000e+00
    outer loop
      vertex   1.277630e+02 -2.241230e+02 2.000000e+01
      vertex   1.259722e+02 -2.264568e+02 2.700000e+01
      vertex   1.277630e+02 -2.241230e+02 2.700000e+01
    endloop
  endfacet
  facet normal -8.433914e-01 5.372996e-01 0.000000e+00
    outer loop
      vertex   1.277630e+02 -2.241230e+02 2.000000e+01
      vertex   1.277630e+02 -2.241230e+02 2.700000e+01
      vertex   1.293435e+02 -2.216420e+02 2.000000e+01
    endloop
  endfacet
  facet normal -8.433914e-01 5.372996e-01 -2.181568e-15
    outer loop
      vertex   1.293435e+02 -2.216420e+02 2.000000e+01
      vertex   1.277630e+02 -2.241230e+02 2.700000e+01
      vertex   1.293435e+02 -2.216420e+02 2.700000e+01
    endloop
  endfacet
  facet normal -8.870108e-01 4.617486e-01 -1.874812e-15
    outer loop
      vertex   1.293435e+02 -2.216420e+02 2.000000e+01
      vertex   1.293435e+02 -2.216420e+02 2.700000e+01
      vertex   1.307018e+02 -2.190328e+02 2.000000e+01
    endloop
  endfacet
  facet normal -8.870108e-01 4.617486e-01 0.000000e+00
    outer loop
      vertex   1.307018e+02 -2.190328e+02 2.000000e+01
      vertex   1.293435e+02 -2.216420e+02 2.700000e+01
      vertex   1.307018e+02 -2.190328e+02 2.700000e+01
    endloop
  endfacet
  facet normal -9.238795e-01 3.826834e-01 0.000000e+00
    outer loop
      vertex   1.307018e+02 -2.190328e+02 2.000000e+01
      vertex   1.307018e+02 -2.190328e+02 2.700000e+01
      vertex   1.318275e+02 -2.163151e+02 2.000000e+01
    endloop
  endfacet
  facet normal -9.238795e-01 3.826834e-01 0.000000e+00
    outer loop
      vertex   1.318275e+02 -2.163151e+02 2.000000e+01
      vertex   1.307018e+02 -2.190328e+02 2.700000e+01
      vertex   1.318275e+02 -2.163151e+02 2.700000e+01
    endloop
  endfacet
  facet normal -9.537170e-01 3.007058e-01 0.000000e+00
    outer loop
      vertex   1.318275e+02 -2.163151e+02 2.000000e+01
      vertex   1.318275e+02 -2.163151e+02 2.700000e+01
      vertex   1.327121e+02 -2.135096e+02 2.000000e+01
    endloop
  endfacet
  facet normal -9.537170e-01 3.007058e-01 1.220939e-15
    outer loop
      vertex   1.327121e+02 -2.135096e+02 2.000000e+01
      vertex   1.318275e+02 -2.163151e+02 2.700000e+01
      vertex   1.327121e+02 -2.135096e+02 2.700000e+01
    endloop
  endfacet
  facet normal -9.762960e-01 2.164396e-01 8.787977e-16
    outer loop
      vertex   1.327121e+02 -2.135096e+02 2.000000e+01
      vertex   1.327121e+02 -2.135096e+02 2.700000e+01
      vertex   1.333488e+02 -2.106377e+02 2.000000e+01
    endloop
  endfacet
  facet normal -9.762960e-01 2.164396e-01 0.000000e+00
    outer loop
      vertex   1.333488e+02 -2.106377e+02 2.000000e+01
      vertex   1.327121e+02 -2.135096e+02 2.700000e+01
      vertex   1.333488e+02 -2.106377e+02 2.700000e+01
    endloop
  endfacet
  facet normal -9.914449e-01 1.305262e-01 0.000000e+00
    outer loop
      vertex   1.333488e+02 -2.106377e+02 2.000000e+01
      vertex   1.333488e+02 -2.106377e+02 2.700000e+01
      vertex   1.337327e+02 -2.077212e+02 2.000000e+01
    endloop
  endfacet
  facet normal -9.914449e-01 1.305262e-01 0.000000e+00
    outer loop
      vertex   1.337327e+02 -2.077212e+02 2.000000e+01
      vertex   1.333488e+02 -2.106377e+02 2.700000e+01
      vertex   1.337327e+02 -2.077212e+02 2.700000e+01
    endloop
  endfacet
  facet normal 0.000000e+00 0.000000e+00 -1.000000e+00
    outer loop
      vertex   1.337327e+02 -2.077212e+02 2.700000e+01
      vertex   6.655055e+01 -2.077212e+02 2.700000e+01
      vertex   1.338610e+02 -2.047823e+02 2.700000e+01
    endloop
  endfacet
  facet normal -0.000000e+00 0.000000e+00 -1.000000e+00
    outer loop
      vertex   1.338610e+02 -2.047823e+02 2.700000e+01
      vertex   6.655055e+01 -2.077212e+02 2.700000e+01
      vertex   6.642224e+01 -2.047823e+02 2.700000e+01
    endloop
  endfacet
  facet normal 0.000000e+00 0.000000e+00 -1.000000e+00
    outer loop
      vertex   1.338610e+02 -2.047823e+02 2.700000e+01
      vertex   6.642224e+01 -2.047823e+02 2.700000e+01
      vertex   1.337327e+02 -2.018435e+02 2.700000e+01
    endloop
  endfacet
  facet normal -0.000000e+00 0.000000e+00 -1.000000e+00
    outer loop
      vertex   1.337327e+02 -2.018435e+02 2.700000e+01
      vertex   6.642224e+01 -2.047823e+02 2.700000e+01
      vertex   6.655055e+01 -2.018435e+02 2.700000e+01
    endloop
  endfacet
  facet normal 0.000000e+00 0.000000e+00 -1.000000e+00
    outer loop
      vertex   1.337327e+02 -2.018435e+02 2.700000e+01
      vertex   6.655055e+01 -2.018435e+02 2.700000e+01
      vertex   1.333488e+02 -1.989270e+02 2.700000e+01
    endloop
  endfacet
  facet normal -0.000000e+00 0.000000e+00 -1.000000e+00
    outer loop
      vertex   1.333488e+02 -1.989270e+02 2.700000e+01
      vertex   6.655055e+01 -2.018435e+02 2.700000e+01
      vertex   6.693452e+01 -1.989270e+02 2.700000e+01
    endloop
  endfacet
  facet normal 0.000000e+00 0.000000e+00 -1.000000e+00
    outer loop
      vertex   1.333488e+02 -1.989270e+02 2.700000e+01
      vertex   6.693452e+01 -1.989270e+02 2.700000e+01
      vertex   1.327121e+02 -1.960551e+02 2.700000e+01
    endloop
  endfacet
  facet normal -0.000000e+00 0.000000e+00 -1.000000e+00
    outer loop
      vertex   1.327121e+02 -1.960551e+02 2.700000e+01
      vertex   6.693452e+01 -1.989270e+02 2.700000e+01
      vertex   6.757120e+01 -1.960551e+02 2.700000e+01
    endloop
  endfacet
  facet normal 0.000000e+00 0.000000e+00 -1.000000e+00
    outer loop
      vertex   1.327121e+02 -1.960551e+02 2.700000e+01
      vertex   6.757120e+01 -1.960551e+02 2.700000e+01
      vertex   1.318275e+02 -1.932496e+02 2.700000e+01
    endloop
  endfacet
  facet normal -0.000000e+00 0.000000e+00 -1.000000e+00
    outer loop
      vertex   1.318275e+02 -1.932496e+02 2.700000e+01
      vertex   6.757120e+01 -1.960551e+02 2.700000e+01
      vertex   6.845577e+01 -1.932496e+02 2.700000e+01
    endloop
  endfacet
  facet normal 0.000000e+00 0.000000e+00 -1.000000e+00
    outer loop
      vertex   1.318275e+02 -1.932496e+02 2.700000e+01
      vertex   6.845577e+01 -1.932496e+02 2.700000e+01
      vertex   1.307018e+02 -1.905319e+02 2.700000e+01
    endloop
  endfacet
  facet normal -0.000000e+00 0.000000e+00 -1.000000e+00
    outer loop
      vertex   1.307018e+02 -1.905319e+02 2.700000e+01
      vertex   6.845577e+01 -1.932496e+02 2.700000e+01
      vertex   6.958149e+01 -1.905319e+02 2.700000e+01
    endloop
  endfacet
  facet normal 0.000000e+00 0.000000e+00 -1.000000e+00
    outer loop
      vertex   1.307018e+02 -1.905319e+02 2.700000e+01
      vertex   6.958149e+01 -1.905319e+02 2.700000e+01
      vertex   1.293435e+02 -1.879226e+02 2.700000e+01
    endloop
  endfacet
  facet normal 0.000000e+00 0.000000e+00 -1.000000e+00
    outer loop
      vertex   1.293435e+02 -1.879226e+02 2.700000e+01
      vertex   6.958149e+01 -1.905319e+02 2.700000e+01
      vertex   7.093979e+01 -1.879226e+02 2.700000e+01
    endloop
  endfacet
  facet normal -0.000000e+00 0.000000e+00 -1.000000e+00
    outer loop
      vertex   1.293435e+02 -1.879226e+02 2.700000e+01
      vertex   7.093979e+01 -1.879226e+02 2.700000e+01
      vertex   1.277630e+02 -1.854417e+02 2.700000e+01
    endloop
  endfacet
  facet normal 0.000000e+00 0.000000e+00 -1.000000e+00
    outer loop
      vertex   1.277630e+02 -1.854417e+02 2.700000e+01
      vertex   7.093979e+01 -1.879226e+02 2.700000e+01
      vertex   7.252033e+01 -1.854417e+02 2.700000e+01
    endloop
  endfacet
  facet normal -0.000000e+00 0.000000e+00 -1.000000e+00
    outer loop
      vertex   1.277630e+02 -1.854417e+02 2.700000e+01
      vertex   7.252033e+01 -1.854417e+02 2.700000e+01
      vertex   1.259722e+02 -1.831079e+02 2.700000e+01
    endloop
  endfacet
  facet normal 0.000000e+00 0.000000e+00 -1.000000e+00
    outer loop
      vertex   1.259722e+02 -1.831079e+02 2.700000e+01
      vertex   7.252033e+01 -1.854417e+02 2.700000e+01
      vertex   7.431108e+01 -1.831079e+02 2.700000e+01
    endloop
  endfacet
  facet normal -0.000000e+00 0.000000e+00 -1.000000e+00
    outer loop
      vertex   1.259722e+02 -1.831079e+02 2.700000e+01
      vertex   7.431108e+01 -1.831079e+02 2.700000e+01
      vertex   1.239849e+02 -1.809391e+02 2.700000e+01
    endloop
  endfacet
  facet normal -0.000000e+00 0.000000e+00 -1.000000e+00
    outer loop
      vertex   1.239849e+02 -1.809391e+02 2.700000e+01
      vertex   7.431108e+01 -1.831079e+02 2.700000e+01
      vertex   7.629843e+01 -1.809391e+02 2.700000e+01
    endloop
  endfacet
  facet normal 0.000000e+00 0.000000e+00 -1.000000e+00
    outer loop
      vertex   1.239849e+02 -1.809391e+02 2.700000e+01
      vertex   7.629843e+01 -1.809391e+02 2.700000e+01
      vertex   1.218161e+02 -1.789518e+02 2.700000e+01
    endloop
  endfacet
  facet normal -0.000000e+00 0.000000e+00 -1.000000e+00
    outer loop
      vertex   1.218161e+02 -1.789518e+02 2.700000e+01
      vertex   7.629843e+01 -1.809391e+02 2.700000e+01
      vertex   7.846723e+01 -1.789518e+02 2.700000e+01
    endloop
  endfacet
  facet normal 0.000000e+00 0.000000e+00 -1.000000e+00
    outer loop
      vertex   1.218161e+02 -1.789518e+02 2.700000e+01
      vertex   7.846723e+01 -1.789518e+02 2.700000e+01
      vertex   1.194823e+02 -1.771610e+02 2.700000e+01
    endloop
  endfacet
  facet normal -0.000000e+00 0.000000e+00 -1.000000e+00
    outer loop
      vertex   1.194823e+02 -1.771610e+02 2.700000e+01
      vertex   7.846723e+01 -1.789518e+02 2.700000e+01
      vertex   8.080099e+01 -1.771610e+02 2.700000e+01
    endloop
  endfacet
  facet normal 0.000000e+00 0.000000e+00 -1.000000e+00
    outer loop
      vertex   1.194823e+02 -1.771610e+02 2.700000e+01
      vertex   8.080099e+01 -1.771610e+02 2.700000e+01
      vertex   1.170013e+02 -1.755805e+02 2.700000e+01
    endloop
  endfacet
  facet normal -0.000000e+00 0.000000e+00 -1.000000e+00
    outer loop
      vertex   1.170013e+02 -1.755805e+02 2.700000e+01
      vertex   8.080099e+01 -1.771610e+02 2.700000e+01
      vertex   8.328194e+01 -1.755805e+02 2.700000e+01
    endloop
  endfacet
  facet normal 0.000000e+00 0.000000e+00 -1.000000e+00
    outer loop
      vertex   1.170013e+02 -1.755805e+02 2.700000e+01
      vertex   8.328194e+01 -1.755805e+02 2.700000e+01
      vertex   1.143921e+02 -1.742222e+02 2.700000e+01
    endloop
  endfacet
  facet normal -0.000000e+00 0.000000e+00 -1.000000e+00
    outer loop
      vertex   1.143921e+02 -1.742222e+02 2.700000e+01
      vertex   8.328194e+01 -1.755805e+02 2.700000e+01
      vertex   8.589121e+01 -1.742222e+02 2.700000e+01
    endloop
  endfacet
  facet normal 0.000000e+00 0.000000e+00 -1.000000e+00
    outer loop
      vertex   1.143921e+02 -1.742222e+02 2.700000e+01
      vertex   8.589121e+01 -1.742222e+02 2.700000e+01
      vertex   1.116744e+02 -1.730965e+02 2.700000e+01
    endloop
  endfacet
  facet normal 0.000000e+00 0.000000e+00 -1.000000e+00
    outer loop
      vertex   1.116744e+02 -1.730965e+02 2.700000e+01
      vertex   8.589121e+01 -1.742222e+02 2.700000e+01
      vertex   8.860893e+01 -1.730965e+02 2.700000e+01
    endloop
  endfacet
  facet normal -0.000000e+00 0.000000e+00 -1.000000e+00
    outer loop
      vertex   1.116744e+02 -1.730965e+02 2.700000e+01
      vertex   8.860893e+01 -1.730965e+02 2.700000e+01
      vertex   1.088689e+02 -1.722119e+02 2.700000e+01
    endloop
  endfacet
  facet normal -0.000000e+00 0.000000e+00 -1.000000e+00
    outer loop
      vertex   1.088689e+02 -1.722119e+02 2.700000e+01
      vertex   8.860893e+01 -1.730965e+02 2.700000e+01
      vertex   9.141442e+01 -1.722119e+02 2.700000e+01
    endloop
  endfacet
  facet normal 0.000000e+00 0.000000e+00 -1.000000e+00
    outer loop
      vertex   1.088689e+02 -1.722119e+02 2.700000e+01
      vertex   9.141442e+01 -1.722119e+02 2.700000e+01
      vertex   1.059970e+02 -1.715752e+02 2.700000e+01
    endloop
  endfacet
  facet normal -0.000000e+00 0.000000e+00 -1.000000e+00
    outer loop
      vertex   1.059970e+02 -1.715752e+02 2.700000e+01
      vertex   9.141442e+01 -1.722119e+02 2.700000e+01
      vertex   9.428633e+01 -1.715752e+02 2.700000e+01
    endloop
  endfacet
  facet normal 0.000000e+00 0.000000e+00 -1.000000e+00
    outer loop
      vertex   1.059970e+02 -1.715752e+02 2.700000e+01
      vertex   9.428633e+01 -1.715752e+02 2.700000e+01
      vertex   1.030805e+02 -1.711913e+02 2.700000e+01
    endloop
  endfacet
  facet normal -0.000000e+00 0.000000e+00 -1.000000e+00
    outer loop
      vertex   1.030805e+02 -1.711913e+02 2.700000e+01
      vertex   9.428633e+01 -1.715752e+02 2.700000e+01
      vertex   9.720281e+01 -1.711913e+02 2.700000e+01
    endloop
  endfacet
  facet normal 0.000000e+00 0.000000e+00 -1.000000e+00
    outer loop
      vertex   1.030805e+02 -1.711913e+02 2.700000e+01
      vertex   9.720281e+01 -1.711913e+02 2.700000e+01
      vertex   1.001416e+02 -1.710629e+02 2.700000e+01
    endloop
  endfacet
  facet normal 0.000000e+00 0.000000e+00 -1.000000e+00
    outer loop
      vertex   6.655055e+01 -2.077212e+02 2.700000e+01
      vertex   1.337327e+02 -2.077212e+02 2.700000e+01
      vertex   6.693452e+01 -2.106377e+02 2.700000e+01
    endloop
  endfacet
  facet normal 0.000000e+00 0.000000e+00 -1.000000e+00
    outer loop
      vertex   6.693452e+01 -2.106377e+02 2.700000e+01
      vertex   1.337327e+02 -2.077212e+02 2.700000e+01
      vertex   1.333488e+02 -2.106377e+02 2.700000e+01
    endloop
  endfacet
  facet normal 0.000000e+00 0.000000e+00 -1.000000e+00
    outer loop
      vertex   6.693452e+01 -2.106377e+02 2.700000e+01
      vertex   1.333488e+02 -2.106377e+02 2.700000e+01
      vertex   6.757120e+01 -2.135096e+02 2.700000e+01
    endloop
  endfacet
  facet normal 0.000000e+00 0.000000e+00 -1.000000e+00
    outer loop
      vertex   6.757120e+01 -2.135096e+02 2.700000e+01
      vertex   1.333488e+02 -2.106377e+02 2.700000e+01
      vertex   1.327121e+02 -2.135096e+02 2.700000e+01
    endloop
  endfacet
  facet normal 0.000000e+00 0.000000e+00 -1.000000e+00
    outer loop
      vertex   6.757120e+01 -2.135096e+02 2.700000e+01
      vertex   1.327121e+02 -2.135096e+02 2.700000e+01
      vertex   6.845577e+01 -2.163151e+02 2.700000e+01
    endloop
  endfacet
  facet normal 0.000000e+00 0.000000e+00 -1.000000e+00
    outer loop
      vertex   6.845577e+01 -2.163151e+02 2.700000e+01
      vertex   1.327121e+02 -2.135096e+02 2.700000e+01
      vertex   1.318275e+02 -2.163151e+02 2.700000e+01
    endloop
  endfacet
  facet normal 0.000000e+00 0.000000e+00 -1.000000e+00
    outer loop
      vertex   6.845577e+01 -2.163151e+02 2.700000e+01
      vertex   1.318275e+02 -2.163151e+02 2.700000e+01
      vertex   6.958149e+01 -2.190328e+02 2.700000e+01
    endloop
  endfacet
  facet normal 0.000000e+00 0.000000e+00 -1.000000e+00
    outer loop
      vertex   6.958149e+01 -2.190328e+02 2.700000e+01
      vertex   1.318275e+02 -2.163151e+02 2.700000e+01
      vertex   1.307018e+02 -2.190328e+02 2.700000e+01
    endloop
  endfacet
  facet normal 0.000000e+00 0.000000e+00 -1.000000e+00
    outer loop
      vertex   6.958149e+01 -2.190328e+02 2.700000e+01
      vertex   1.307018e+02 -2.190328e+02 2.700000e+01
      vertex   7.093979e+01 -2.216420e+02 2.700000e+01
    endloop
  endfacet
  facet normal 0.000000e+00 0.000000e+00 -1.000000e+00
    outer loop
      vertex   7.093979e+01 -2.216420e+02 2.700000e+01
      vertex   1.307018e+02 -2.190328e+02 2.700000e+01
      vertex   1.293435e+02 -2.216420e+02 2.700000e+01
    endloop
  endfacet
  facet normal 0.000000e+00 0.000000e+00 -1.000000e+00
    outer loop
      vertex   7.093979e+01 -2.216420e+02 2.700000e+01
      vertex   1.293435e+02 -2.216420e+02 2.700000e+01
      vertex   7.252033e+01 -2.241230e+02 2.700000e+01
    endloop
  endfacet
  facet normal 0.000000e+00 0.000000e+00 -1.000000e+00
    outer loop
      vertex   7.252033e+01 -2.241230e+02 2.700000e+01
      vertex   1.293435e+02 -2.216420e+02 2.700000e+01
      vertex   1.277630e+02 -2.241230e+02 2.700000e+01
    endloop
  endfacet
  facet normal 0.000000e+00 0.000000e+00 -1.000000e+00
    outer loop
      vertex   7.252033e+01 -2.241230e+02 2.700000e+01
      vertex   1.277630e+02 -2.241230e+02 2.700000e+01
      vertex   7.431108e+01 -2.264568e+02 2.700000e+01
    endloop
  endfacet
  facet normal 0.000000e+00 0.000000e+00 -1.000000e+00
    outer loop
      vertex   7.431108e+01 -2.264568e+02 2.700000e+01
      vertex   1.277630e+02 -2.241230e+02 2.700000e+01
      vertex   1.259722e+02 -2.264568e+02 2.700000e+01
    endloop
  endfacet
  facet normal 0.000000e+00 0.000000e+00 -1.000000e+00
    outer loop
      vertex   7.431108e+01 -2.264568e+02 2.700000e+01
      vertex   1.259722e+02 -2.264568e+02 2.700000e+01
      vertex   7.629843e+01 -2.286256e+02 2.700000e+01
    endloop
  endfacet
  facet normal 0.000000e+00 0.000000e+00 -1.000000e+00
    outer loop
      vertex   7.629843e+01 -2.286256e+02 2.700000e+01
      vertex   1.259722e+02 -2.264568e+02 2.700000e+01
      vertex   1.239849e+02 -2.286256e+02 2.700000e+01
    endloop
  endfacet
  facet normal 0.000000e+00 0.000000e+00 -1.000000e+00
    outer loop
      vertex   7.629843e+01 -2.286256e+02 2.700000e+01
      vertex   1.239849e+02 -2.286256e+02 2.700000e+01
      vertex   7.846723e+01 -2.306129e+02 2.700000e+01
    endloop
  endfacet
  facet normal 0.000000e+00 0.000000e+00 -1.000000e+00
    outer loop
      vertex   7.846723e+01 -2.306129e+02 2.700000e+01
      vertex   1.239849e+02 -2.286256e+02 2.700000e+01
      vertex   1.218161e+02 -2.306129e+02 2.700000e+01
    endloop
  endfacet
  facet normal 0.000000e+00 0.000000e+00 -1.000000e+00
    outer loop
      vertex   7.846723e+01 -2.306129e+02 2.700000e+01
      vertex   1.218161e+02 -2.306129e+02 2.700000e+01
      vertex   8.080099e+01 -2.324037e+02 2.700000e+01
    endloop
  endfacet
  facet normal 0.000000e+00 0.000000e+00 -1.000000e+00
    outer loop
      vertex   8.080099e+01 -2.324037e+02 2.700000e+01
      vertex   1.218161e+02 -2.306129e+02 2.700000e+01
      vertex   1.194823e+02 -2.324037e+02 2.700000e+01
    endloop
  endfacet
  facet normal 0.000000e+00 0.000000e+00 -1.000000e+00
    outer loop
      vertex   8.080099e+01 -2.324037e+02 2.700000e+01
      vertex   1.194823e+02 -2.324037e+02 2.700000e+01
      vertex   8.328194e+01 -2.339842e+02 2.700000e+01
    endloop
  endfacet
  facet normal 0.000000e+00 0.000000e+00 -1.000000e+00
    outer loop
      vertex   8.328194e+01 -2.339842e+02 2.700000e+01
      vertex   1.194823e+02 -2.324037e+02 2.700000e+01
      vertex   1.170013e+02 -2.339842e+02 2.700000e+01
    endloop
  endfacet
  facet normal 0.000000e+00 0.000000e+00 -1.000000e+00
    outer loop
      vertex   8.328194e+01 -2.339842e+02 2.700000e+01
      vertex   1.170013e+02 -2.339842e+02 2.700000e+01
      vertex   8.589121e+01 -2.353425e+02 2.700000e+01
    endloop
  endfacet
  facet normal 0.000000e+00 0.000000e+00 -1.000000e+00
    outer loop
      vertex   8.589121e+01 -2.353425e+02 2.700000e+01
      vertex   1.170013e+02 -2.339842e+02 2.700000e+01
      vertex   1.143921e+02 -2.353425e+02 2.700000e+01
    endloop
  endfacet
  facet normal 0.000000e+00 0.000000e+00 -1.000000e+00
    outer loop
      vertex   8.589121e+01 -2.353425e+02 2.700000e+01
      vertex   1.143921e+02 -2.353425e+02 2.700000e+01
      vertex   8.860893e+01 -2.364682e+02 2.700000e+01
    endloop
  endfacet
  facet normal 0.000000e+00 0.000000e+00 -1.000000e+00
    outer loop
      vertex   8.860893e+01 -2.364682e+02 2.700000e+01
      vertex   1.143921e+02 -2.353425e+02 2.700000e+01
      vertex   1.116744e+02 -2.364682e+02 2.700000e+01
    endloop
  endfacet
  facet normal 0.000000e+00 0.000000e+00 -1.000000e+00
    outer loop
      vertex   8.860893e+01 -2.364682e+02 2.700000e+01
      vertex   1.116744e+02 -2.364682e+02 2.700000e+01
      vertex   9.141442e+01 -2.373528e+02 2.700000e+01
    endloop
  endfacet
  facet normal 0.000000e+00 0.000000e+00 -1.000000e+00
    outer loop
      vertex   9.141442e+01 -2.373528e+02 2.700000e+01
      vertex   1.116744e+02 -2.364682e+02 2.700000e+01
      vertex   1.088689e+02 -2.373528e+02 2.700000e+01
    endloop
  endfacet
  facet normal 0.000000e+00 0.000000e+00 -1.000000e+00
    outer loop
      vertex   9.141442e+01 -2.373528e+02 2.700000e+01
      vertex   1.088689e+02 -2.373528e+02 2.700000e+01
      vertex   9.428633e+01 -2.379895e+02 2.700000e+01
    endloop
  endfacet
  facet normal 0.000000e+00 0.000000e+00 -1.000000e+00
    outer loop
      vertex   9.428633e+01 -2.379895e+02 2.700000e+01
      vertex   1.088689e+02 -2.373528e+02 2.700000e+01
      vertex   1.059970e+02 -2.379895e+02 2.700000e+01
    endloop
  endfacet
  facet normal 0.000000e+00 0.000000e+00 -1.000000e+00
    outer loop
      vertex   9.428633e+01 -2.379895e+02 2.700000e+01
      vertex   1.059970e+02 -2.379895e+02 2.700000e+01
      vertex   9.720281e+01 -2.383734e+02 2.700000e+01
    endloop
  endfacet
  facet normal 0.000000e+00 0.000000e+00 -1.000000e+00
    outer loop
      vertex   9.720281e+01 -2.383734e+02 2.700000e+01
      vertex   1.059970e+02 -2.379895e+02 2.700000e+01
      vertex   1.030805e+02 -2.383734e+02 2.700000e+01
    endloop
  endfacet
  facet normal 0.000000e+00 0.000000e+00 -1.000000e+00
    outer loop
      vertex   9.720281e+01 -2.383734e+02 2.700000e+01
      vertex   1.030805e+02 -2.383734e+02 2.700000e+01
      vertex   1.001416e+02 -2.385017e+02 2.700000e+01
    endloop
  endfacet
  facet normal 0.000000e+00 0.000000e+00 1.000000e+00
    outer loop
      vertex   6.200000e+01 -2.480000e+02 1.830000e+02
      vertex   6.800000e+01 -2.480000e+02 1.830000e+02
      vertex   6.200000e+01 -1.620000e+02 1.830000e+02
    endloop
  endfacet
  facet normal -0.000000e+00 0.000000e+00 1.000000e+00
    outer loop
      vertex   6.200000e+01 -1.620000e+02 1.830000e+02
      vertex   6.800000e+01 -2.480000e+02 1.830000e+02
      vertex   6.800000e+01 -1.620000e+02 1.830000e+02
    endloop
  endfacet
  facet normal 0.000000e+00 0.000000e+00 1.000000e+00
    outer loop
      vertex   1.380000e+02 -1.620000e+02 1.830000e+02
      vertex   1.320000e+02 -1.620000e+02 1.830000e+02
      vertex   1.380000e+02 -2.480000e+02 1.830000e+02
    endloop
  endfacet
  facet normal 0.000000e+00 0.000000e+00 1.000000e+00
    outer loop
      vertex   1.380000e+02 -2.480000e+02 1.830000e+02
      vertex   1.320000e+02 -1.620000e+02 1.830000e+02
      vertex   1.320000e+02 -2.480000e+02 1.830000e+02
    endloop
  endfacet
  facet normal -0.000000e+00 1.000000e+00 0.000000e+00
    outer loop
      vertex   6.200000e+01 -2.480000e+02 1.890000e+02
      vertex   6.800000e+01 -2.480000e+02 1.890000e+02
      vertex   6.200000e+01 -2.480000e+02 1.830000e+02
    endloop
  endfacet
  facet normal 0.000000e+00 1.000000e+00 0.000000e+00
    outer loop
      vertex   6.200000e+01 -2.480000e+02 1.830000e+02
      vertex   6.800000e+01 -2.480000e+02 1.890000e+02
      vertex   6.800000e+01 -2.480000e+02 1.830000e+02
    endloop
  endfacet
  facet normal 1.000000e+00 0.000000e+00 0.000000e+00
    outer loop
      vertex   6.200000e+01 -1.620000e+02 1.890000e+02
      vertex   6.200000e+01 -2.480000e+02 1.890000e+02
      vertex   6.200000e+01 -1.620000e+02 1.830000e+02
    endloop
  endfacet
  facet normal 1.000000e+00 0.000000e+00 0.000000e+00
    outer loop
      vertex   6.200000e+01 -1.620000e+02 1.830000e+02
      vertex   6.200000e+01 -2.480000e+02 1.890000e+02
      vertex   6.200000e+01 -2.480000e+02 1.830000e+02
    endloop
  endfacet
  facet normal -0.000000e+00 -1.000000e+00 -0.000000e+00
    outer loop
      vertex   6.800000e+01 -1.620000e+02 1.890000e+02
      vertex   6.200000e+01 -1.620000e+02 1.890000e+02
      vertex   6.800000e+01 -1.620000e+02 1.830000e+02
    endloop
  endfacet
  facet normal 0.000000e+00 -1.000000e+00 0.000000e+00
    outer loop
      vertex   6.800000e+01 -1.620000e+02 1.830000e+02
      vertex   6.200000e+01 -1.620000e+02 1.890000e+02
      vertex   6.200000e+01 -1.620000e+02 1.830000e+02
    endloop
  endfacet
  facet normal -1.000000e+00 0.000000e+00 0.000000e+00
    outer loop
      vertex   6.800000e+01 -2.480000e+02 1.890000e+02
      vertex   6.800000e+01 -1.620000e+02 1.890000e+02
      vertex   6.800000e+01 -2.480000e+02 1.830000e+02
    endloop
  endfacet
  facet normal -1.000000e+00 0.000000e+00 0.000000e+00
    outer loop
      vertex   6.800000e+01 -2.480000e+02 1.830000e+02
      vertex   6.800000e+01 -1.620000e+02 1.890000e+02
      vertex   6.800000e+01 -1.620000e+02 1.830000e+02
    endloop
  endfacet
  facet normal 1.000000e+00 0.000000e+00 0.000000e+00
    outer loop
      vertex   1.320000e+02 -1.620000e+02 1.890000e+02
      vertex   1.320000e+02 -2.480000e+02 1.890000e+02
      vertex   1.320000e+02 -1.620000e+02 1.830000e+02
    endloop
  endfacet
  facet normal 1.000000e+00 0.000000e+00 0.000000e+00
    outer loop
      vertex   1.320000e+02 -1.620000e+02 1.830000e+02
      vertex   1.320000e+02 -2.480000e+02 1.890000e+02
      vertex   1.320000e+02 -2.480000e+02 1.830000e+02
    endloop
  endfacet
  facet normal -0.000000e+00 -1.000000e+00 -0.000000e+00
    outer loop
      vertex   1.380000e+02 -1.620000e+02 1.890000e+02
      vertex   1.320000e+02 -1.620000e+02 1.890000e+02
      vertex   1.380000e+02 -1.620000e+02 1.830000e+02
    endloop
  endfacet
  facet normal 0.000000e+00 -1.000000e+00 0.000000e+00
    outer loop
      vertex   1.380000e+02 -1.620000e+02 1.830000e+02
      vertex   1.320000e+02 -1.620000e+02 1.890000e+02
      vertex   1.320000e+02 -1.620000e+02 1.830000e+02
    endloop
  endfacet
  facet normal -1.000000e+00 0.000000e+00 0.000000e+00
    outer loop
      vertex   1.380000e+02 -2.480000e+02 1.890000e+02
      vertex   1.380000e+02 -1.620000e+02 1.890000e+02
      vertex   1.380000e+02 -2.480000e+02 1.830000e+02
    endloop
  endfacet
  facet normal -1.000000e+00 0.000000e+00 0.000000e+00
    outer loop
      vertex   1.380000e+02 -2.480000e+02 1.830000e+02
      vertex   1.380000e+02 -1.620000e+02 1.890000e+02
      vertex   1.380000e+02 -1.620000e+02 1.830000e+02
    endloop
  endfacet
  facet normal -0.000000e+00 1.000000e+00 0.000000e+00
    outer loop
      vertex   1.320000e+02 -2.480000e+02 1.890000e+02
      vertex   1.380000e+02 -2.480000e+02 1.890000e+02
      vertex   1.320000e+02 -2.480000e+02 1.830000e+02
    endloop
  endfacet
  facet normal 0.000000e+00 1.000000e+00 0.000000e+00
    outer loop
      vertex   1.320000e+02 -2.480000e+02 1.830000e+02
      vertex   1.380000e+02 -2.480000e+02 1.890000e+02
      vertex   1.380000e+02 -2.480000e+02 1.830000e+02
    endloop
  endfacet
  facet normal 0.000000e+00 0.000000e+00 -1.000000e+00
    outer loop
      vertex   1.337327e+02 -2.018435e+02 2.000000e+01
      vertex   1.400000e+02 -1.600000e+02 2.000000e+01
      vertex   1.338610e+02 -2.047823e+02 2.000000e+01
    endloop
  endfacet
  facet normal -2.879588e-15 3.947460e-16 -1.000000e+00
    outer loop
      vertex   1.338610e+02 -2.047823e+02 2.000000e+01
      vertex   1.400000e+02 -1.600000e+02 2.000000e+01
      vertex   1.400000e+02 -2.500000e+02 2.000000e+01
    endloop
  endfacet
  facet normal -4.378932e-15 1.911883e-16 -1.000000e+00
    outer loop
      vertex   1.338610e+02 -2.047823e+02 2.000000e+01
      vertex   1.400000e+02 -2.500000e+02 2.000000e+01
      vertex   1.337327e+02 -2.077212e+02 2.000000e+01
    endloop
  endfacet
  facet normal -3.002283e-15 3.952580e-16 -1.000000e+00
    outer loop
      vertex   1.337327e+02 -2.077212e+02 2.000000e+01
      vertex   1.400000e+02 -2.500000e+02 2.000000e+01
      vertex   1.333488e+02 -2.106377e+02 2.000000e+01
    endloop
  endfacet
  facet normal -2.310310e-15 5.121835e-16 -1.000000e+00
    outer loop
      vertex   1.333488e+02 -2.106377e+02 2.000000e+01
      vertex   1.400000e+02 -2.500000e+02 2.000000e+01
      vertex   1.327121e+02 -2.135096e+02 2.000000e+01
    endloop
  endfacet
  facet normal 5.684079e-16 1.087124e-15 -1.000000e+00
    outer loop
      vertex   1.327121e+02 -2.135096e+02 2.000000e+01
      vertex   1.400000e+02 -2.500000e+02 2.000000e+01
      vertex   1.318275e+02 -2.163151e+02 2.000000e+01
    endloop
  endfacet
  facet normal -1.445156e-15 5.986032e-16 -1.000000e+00
    outer loop
      vertex   1.318275e+02 -2.163151e+02 2.000000e+01
      vertex   1.400000e+02 -2.500000e+02 2.000000e+01
      vertex   1.307018e+02 -2.190328e+02 2.000000e+01
    endloop
  endfacet
  facet normal -1.257909e-15 6.548259e-16 -1.000000e+00
    outer loop
      vertex   1.307018e+02 -2.190328e+02 2.000000e+01
      vertex   1.400000e+02 -2.500000e+02 2.000000e+01
      vertex   1.293435e+02 -2.216420e+02 2.000000e+01
    endloop
  endfacet
  facet normal -1.113218e-15 7.091984e-16 -1.000000e+00
    outer loop
      vertex   1.293435e+02 -2.216420e+02 2.000000e+01
      vertex   1.400000e+02 -2.500000e+02 2.000000e+01
      vertex   1.277630e+02 -2.241230e+02 2.000000e+01
    endloop
  endfacet
  facet normal -9.963003e-16 7.644881e-16 -1.000000e+00
    outer loop
      vertex   1.277630e+02 -2.241230e+02 2.000000e+01
      vertex   1.400000e+02 -2.500000e+02 2.000000e+01
      vertex   1.259722e+02 -2.264568e+02 2.000000e+01
    endloop
  endfacet
  facet normal -8.981277e-16 8.229824e-16 -1.000000e+00
    outer loop
      vertex   1.259722e+02 -2.264568e+02 2.000000e+01
      vertex   1.400000e+02 -2.500000e+02 2.000000e+01
      vertex   1.239849e+02 -2.286256e+02 2.000000e+01
    endloop
  endfacet
  facet normal -8.127456e-16 8.869562e-16 -1.000000e+00
    outer loop
      vertex   1.239849e+02 -2.286256e+02 2.000000e+01
      vertex   1.400000e+02 -2.500000e+02 2.000000e+01
      vertex   1.218161e+02 -2.306129e+02 2.000000e+01
    endloop
  endfacet
  facet normal -7.358952e-16 9.590373e-16 -1.000000e+00
    outer loop
      vertex   1.218161e+02 -2.306129e+02 2.000000e+01
      vertex   1.400000e+02 -2.500000e+02 2.000000e+01
      vertex   1.194823e+02 -2.324037e+02 2.000000e+01
    endloop
  endfacet
  facet normal -6.642184e-16 1.042614e-15 -1.000000e+00
    outer loop
      vertex   1.194823e+02 -2.324037e+02 2.000000e+01
      vertex   1.400000e+02 -2.500000e+02 2.000000e+01
      vertex   1.170013e+02 -2.339842e+02 2.000000e+01
    endloop
  endfacet
  facet normal 1.844315e-16 2.261273e-15 -1.000000e+00
    outer loop
      vertex   1.170013e+02 -2.339842e+02 2.000000e+01
      vertex   1.400000e+02 -2.500000e+02 2.000000e+01
      vertex   1.143921e+02 -2.353425e+02 2.000000e+01
    endloop
  endfacet
  facet normal -4.659735e-16 1.124960e-15 -1.000000e+00
    outer loop
      vertex   1.143921e+02 -2.353425e+02 2.000000e+01
      vertex   1.400000e+02 -2.500000e+02 2.000000e+01
      vertex   1.116744e+02 -2.364682e+02 2.000000e+01
    endloop
  endfacet
  facet normal -3.989405e-16 1.265278e-15 -1.000000e+00
    outer loop
      vertex   1.116744e+02 -2.364682e+02 2.000000e+01
      vertex   1.400000e+02 -2.500000e+02 2.000000e+01
      vertex   1.088689e+02 -2.373528e+02 2.000000e+01
    endloop
  endfacet
  facet normal -3.223182e-16 1.453884e-15 -1.000000e+00
    outer loop
      vertex   1.088689e+02 -2.373528e+02 2.000000e+01
      vertex   1.400000e+02 -2.500000e+02 2.000000e+01
      vertex   1.059970e+02 -2.379895e+02 2.000000e+01
    endloop
  endfacet
  facet normal -2.269523e-16 1.723874e-15 -1.000000e+00
    outer loop
      vertex   1.059970e+02 -2.379895e+02 2.000000e+01
      vertex   1.400000e+02 -2.500000e+02 2.000000e+01
      vertex   1.030805e+02 -2.383734e+02 2.000000e+01
    endloop
  endfacet
  facet normal -9.373553e-17 2.146897e-15 -1.000000e+00
    outer loop
      vertex   1.030805e+02 -2.383734e+02 2.000000e+01
      vertex   1.400000e+02 -2.500000e+02 2.000000e+01
      vertex   1.001416e+02 -2.385017e+02 2.000000e+01
    endloop
  endfacet
  facet normal 0.000000e+00 2.471828e-15 -1.000000e+00
    outer loop
      vertex   1.001416e+02 -2.385017e+02 2.000000e+01
      vertex   1.400000e+02 -2.500000e+02 2.000000e+01
      vertex   6.000000e+01 -2.500000e+02 2.000000e+01
    endloop
  endfacet
  facet normal 9.364804e-17 2.144893e-15 -1.000000e+00
    outer loop
      vertex   1.001416e+02 -2.385017e+02 2.000000e+01
      vertex   6.000000e+01 -2.500000e+02 2.000000e+01
      vertex   9.720281e+01 -2.383734e+02 2.000000e+01
    endloop
  endfacet
  facet normal 2.264401e-16 1.719983e-15 -1.000000e+00
    outer loop
      vertex   9.720281e+01 -2.383734e+02 2.000000e+01
      vertex   6.000000e+01 -2.500000e+02 2.000000e+01
      vertex   9.428633e+01 -2.379895e+02 2.000000e+01
    endloop
  endfacet
  facet normal 3.212860e-16 1.449228e-15 -1.000000e+00
    outer loop
      vertex   9.428633e+01 -2.379895e+02 2.000000e+01
      vertex   6.000000e+01 -2.500000e+02 2.000000e+01
      vertex   9.141442e+01 -2.373528e+02 2.000000e+01
    endloop
  endfacet
  facet normal 3.973604e-16 1.260266e-15 -1.000000e+00
    outer loop
      vertex   9.141442e+01 -2.373528e+02 2.000000e+01
      vertex   6.000000e+01 -2.500000e+02 2.000000e+01
      vertex   8.860893e+01 -2.364682e+02 2.000000e+01
    endloop
  endfacet
  facet normal 4.638193e-16 1.119759e-15 -1.000000e+00
    outer loop
      vertex   8.860893e+01 -2.364682e+02 2.000000e+01
      vertex   6.000000e+01 -2.500000e+02 2.000000e+01
      vertex   8.589121e+01 -2.353425e+02 2.000000e+01
    endloop
  endfacet
  facet normal -1.834648e-16 2.263130e-15 -1.000000e+00
    outer loop
      vertex   8.589121e+01 -2.353425e+02 2.000000e+01
      vertex   6.000000e+01 -2.500000e+02 2.000000e+01
      vertex   8.328194e+01 -2.339842e+02 2.000000e+01
    endloop
  endfacet
  facet normal 6.603323e-16 1.036514e-15 -1.000000e+00
    outer loop
      vertex   8.328194e+01 -2.339842e+02 2.000000e+01
      vertex   6.000000e+01 -2.500000e+02 2.000000e+01
      vertex   8.080099e+01 -2.324037e+02 2.000000e+01
    endloop
  endfacet
  facet normal 7.311283e-16 9.528249e-16 -1.000000e+00
    outer loop
      vertex   8.080099e+01 -2.324037e+02 2.000000e+01
      vertex   6.000000e+01 -2.500000e+02 2.000000e+01
      vertex   7.846723e+01 -2.306129e+02 2.000000e+01
    endloop
  endfacet
  facet normal 8.069350e-16 8.806150e-16 -1.000000e+00
    outer loop
      vertex   7.846723e+01 -2.306129e+02 2.000000e+01
      vertex   6.000000e+01 -2.500000e+02 2.000000e+01
      vertex   7.629843e+01 -2.286256e+02 2.000000e+01
    endloop
  endfacet
  facet normal 8.910373e-16 8.164853e-16 -1.000000e+00
    outer loop
      vertex   7.629843e+01 -2.286256e+02 2.000000e+01
      vertex   6.000000e+01 -2.500000e+02 2.000000e+01
      vertex   7.431108e+01 -2.264568e+02 2.000000e+01
    endloop
  endfacet
  facet normal 9.875827e-16 7.577989e-16 -1.000000e+00
    outer loop
      vertex   7.431108e+01 -2.264568e+02 2.000000e+01
      vertex   6.000000e+01 -2.500000e+02 2.000000e+01
      vertex   7.252033e+01 -2.241230e+02 2.000000e+01
    endloop
  endfacet
  facet normal 1.102346e-15 7.022718e-16 -1.000000e+00
    outer loop
      vertex   7.252033e+01 -2.241230e+02 2.000000e+01
      vertex   6.000000e+01 -2.500000e+02 2.000000e+01
      vertex   7.093979e+01 -2.216420e+02 2.000000e+01
    endloop
  endfacet
  facet normal 1.244044e-15 6.476083e-16 -1.000000e+00
    outer loop
      vertex   7.093979e+01 -2.216420e+02 2.000000e+01
      vertex   6.000000e+01 -2.500000e+02 2.000000e+01
      vertex   6.958149e+01 -2.190328e+02 2.000000e+01
    endloop
  endfacet
  facet normal 1.426886e-15 5.910356e-16 -1.000000e+00
    outer loop
      vertex   6.958149e+01 -2.190328e+02 2.000000e+01
      vertex   6.000000e+01 -2.500000e+02 2.000000e+01
      vertex   6.845577e+01 -2.163151e+02 2.000000e+01
    endloop
  endfacet
  facet normal -5.599669e-16 1.089786e-15 -1.000000e+00
    outer loop
      vertex   6.845577e+01 -2.163151e+02 2.000000e+01
      vertex   6.000000e+01 -2.500000e+02 2.000000e+01
      vertex   6.757120e+01 -2.135096e+02 2.000000e+01
    endloop
  endfacet
  facet normal 2.268519e-15 5.029186e-16 -1.000000e+00
    outer loop
      vertex   6.757120e+01 -2.135096e+02 2.000000e+01
      vertex   6.000000e+01 -2.500000e+02 2.000000e+01
      vertex   6.693452e+01 -2.106377e+02 2.000000e+01
    endloop
  endfacet
  facet normal 2.932088e-15 3.860167e-16 -1.000000e+00
    outer loop
      vertex   6.693452e+01 -2.106377e+02 2.000000e+01
      vertex   6.000000e+01 -2.500000e+02 2.000000e+01
      vertex   6.655055e+01 -2.077212e+02 2.000000e+01
    endloop
  endfacet
  facet normal 4.231190e-15 1.847377e-16 -1.000000e+00
    outer loop
      vertex   6.655055e+01 -2.077212e+02 2.000000e+01
      vertex   6.000000e+01 -2.500000e+02 2.000000e+01
      vertex   6.642224e+01 -2.047823e+02 2.000000e+01
    endloop
  endfacet
  facet normal 2.752566e-15 3.947460e-16 -1.000000e+00
    outer loop
      vertex   6.642224e+01 -2.047823e+02 2.000000e+01
      vertex   6.000000e+01 -2.500000e+02 2.000000e+01
      vertex   6.000000e+01 -1.600000e+02 2.000000e+01
    endloop
  endfacet
  facet normal 0.000000e+00 0.000000e+00 -1.000000e+00
    outer loop
      vertex   6.642224e+01 -2.047823e+02 2.000000e+01
      vertex   6.000000e+01 -1.600000e+02 2.000000e+01
      vertex   6.655055e+01 -2.018435e+02 2.000000e+01
    endloop
  endfacet
  facet normal 0.000000e+00 0.000000e+00 -1.000000e+00
    outer loop
      vertex   6.655055e+01 -2.018435e+02 2.000000e+01
      vertex   6.000000e+01 -1.600000e+02 2.000000e+01
      vertex   6.693452e+01 -1.989270e+02 2.000000e+01
    endloop
  endfacet
  facet normal 0.000000e+00 0.000000e+00 -1.000000e+00
    outer loop
      vertex   6.693452e+01 -1.989270e+02 2.000000e+01
      vertex   6.000000e+01 -1.600000e+02 2.000000e+01
      vertex   6.757120e+01 -1.960551e+02 2.000000e+01
    endloop
  endfacet
  facet normal 2.410757e-15 5.062341e-16 -1.000000e+00
    outer loop
      vertex   6.757120e+01 -1.960551e+02 2.000000e+01
      vertex   6.000000e+01 -1.600000e+02 2.000000e+01
      vertex   6.845577e+01 -1.932496e+02 2.000000e+01
    endloop
  endfacet
  facet normal 1.598290e-16 -6.620334e-17 -1.000000e+00
    outer loop
      vertex   6.845577e+01 -1.932496e+02 2.000000e+01
      vertex   6.000000e+01 -1.600000e+02 2.000000e+01
      vertex   6.958149e+01 -1.905319e+02 2.000000e+01
    endloop
  endfacet
  facet normal 1.394567e-16 -7.259655e-17 -1.000000e+00
    outer loop
      vertex   6.958149e+01 -1.905319e+02 2.000000e+01
      vertex   6.000000e+01 -1.600000e+02 2.000000e+01
      vertex   7.093979e+01 -1.879226e+02 2.000000e+01
    endloop
  endfacet
  facet normal 1.236653e-16 -7.878346e-17 -1.000000e+00
    outer loop
      vertex   7.093979e+01 -1.879226e+02 2.000000e+01
      vertex   6.000000e+01 -1.600000e+02 2.000000e+01
      vertex   7.252033e+01 -1.854417e+02 2.000000e+01
    endloop
  endfacet
  facet normal 1.108753e-16 -8.507763e-17 -1.000000e+00
    outer loop
      vertex   7.252033e+01 -1.854417e+02 2.000000e+01
      vertex   6.000000e+01 -1.600000e+02 2.000000e+01
      vertex   7.431108e+01 -1.831079e+02 2.000000e+01
    endloop
  endfacet
  facet normal 1.001171e-16 -9.174038e-17 -1.000000e+00
    outer loop
      vertex   7.431108e+01 -1.831079e+02 2.000000e+01
      vertex   6.000000e+01 -1.600000e+02 2.000000e+01
      vertex   7.629843e+01 -1.809391e+02 2.000000e+01
    endloop
  endfacet
  facet normal 9.074743e-17 -9.903344e-17 -1.000000e+00
    outer loop
      vertex   7.629843e+01 -1.809391e+02 2.000000e+01
      vertex   6.000000e+01 -1.600000e+02 2.000000e+01
      vertex   7.846723e+01 -1.789518e+02 2.000000e+01
    endloop
  endfacet
  facet normal 8.230415e-17 -1.072609e-16 -1.000000e+00
    outer loop
      vertex   7.846723e+01 -1.789518e+02 2.000000e+01
      vertex   6.000000e+01 -1.600000e+02 2.000000e+01
      vertex   8.080099e+01 -1.771610e+02 2.000000e+01
    endloop
  endfacet
  facet normal 7.442046e-17 -1.168167e-16 -1.000000e+00
    outer loop
      vertex   8.080099e+01 -1.771610e+02 2.000000e+01
      vertex   6.000000e+01 -1.600000e+02 2.000000e+01
      vertex   8.328194e+01 -1.755805e+02 2.000000e+01
    endloop
  endfacet
  facet normal 8.326061e-16 1.016142e-15 -1.000000e+00
    outer loop
      vertex   8.328194e+01 -1.755805e+02 2.000000e+01
      vertex   6.000000e+01 -1.600000e+02 2.000000e+01
      vertex   8.589121e+01 -1.742222e+02 2.000000e+01
    endloop
  endfacet
  facet normal 1.179782e-16 -2.848246e-16 -1.000000e+00
    outer loop
      vertex   8.589121e+01 -1.742222e+02 2.000000e+01
      vertex   6.000000e+01 -1.600000e+02 2.000000e+01
      vertex   8.860893e+01 -1.730965e+02 2.000000e+01
    endloop
  endfacet
  facet normal 1.012954e-16 -3.212679e-16 -1.000000e+00
    outer loop
      vertex   8.860893e+01 -1.730965e+02 2.000000e+01
      vertex   6.000000e+01 -1.600000e+02 2.000000e+01
      vertex   9.141442e+01 -1.722119e+02 2.000000e+01
    endloop
  endfacet
  facet normal 8.214487e-17 -3.705316e-16 -1.000000e+00
    outer loop
      vertex   9.141442e+01 -1.722119e+02 2.000000e+01
      vertex   6.000000e+01 -1.600000e+02 2.000000e+01
      vertex   9.428633e+01 -1.715752e+02 2.000000e+01
    endloop
  endfacet
  facet normal 5.814170e-17 -4.416301e-16 -1.000000e+00
    outer loop
      vertex   9.428633e+01 -1.715752e+02 2.000000e+01
      vertex   6.000000e+01 -1.600000e+02 2.000000e+01
      vertex   9.720281e+01 -1.711913e+02 2.000000e+01
    endloop
  endfacet
  facet normal 2.420727e-17 -5.544375e-16 -1.000000e+00
    outer loop
      vertex   9.720281e+01 -1.711913e+02 2.000000e+01
      vertex   6.000000e+01 -1.600000e+02 2.000000e+01
      vertex   1.001416e+02 -1.710629e+02 2.000000e+01
    endloop
  endfacet
  facet normal 0.000000e+00 -6.422731e-16 -1.000000e+00
    outer loop
      vertex   1.001416e+02 -1.710629e+02 2.000000e+01
      vertex   6.000000e+01 -1.600000e+02 2.000000e+01
      vertex   1.400000e+02 -1.600000e+02 2.000000e+01
    endloop
  endfacet
  facet normal -2.423065e-17 -5.549732e-16 -1.000000e+00
    outer loop
      vertex   1.001416e+02 -1.710629e+02 2.000000e+01
      vertex   1.400000e+02 -1.600000e+02 2.000000e+01
      vertex   1.030805e+02 -1.711913e+02 2.000000e+01
    endloop
  endfacet
  facet normal -5.827680e-17 -4.426562e-16 -1.000000e+00
    outer loop
      vertex   1.030805e+02 -1.711913e+02 2.000000e+01
      vertex   1.400000e+02 -1.600000e+02 2.000000e+01
      vertex   1.059970e+02 -1.715752e+02 2.000000e+01
    endloop
  endfacet
  facet normal -8.241479e-17 -3.717491e-16 -1.000000e+00
    outer loop
      vertex   1.059970e+02 -1.715752e+02 2.000000e+01
      vertex   1.400000e+02 -1.600000e+02 2.000000e+01
      vertex   1.088689e+02 -1.722119e+02 2.000000e+01
    endloop
  endfacet
  facet normal -1.017061e-16 -3.225707e-16 -1.000000e+00
    outer loop
      vertex   1.088689e+02 -1.722119e+02 2.000000e+01
      vertex   1.400000e+02 -1.600000e+02 2.000000e+01
      vertex   1.116744e+02 -1.730965e+02 2.000000e+01
    endloop
  endfacet
  facet normal -1.185358e-16 -2.861707e-16 -1.000000e+00
    outer loop
      vertex   1.116744e+02 -1.730965e+02 2.000000e+01
      vertex   1.400000e+02 -1.600000e+02 2.000000e+01
      vertex   1.143921e+02 -1.742222e+02 2.000000e+01
    endloop
  endfacet
  facet normal -8.370625e-16 1.007581e-15 -1.000000e+00
    outer loop
      vertex   1.143921e+02 -1.742222e+02 2.000000e+01
      vertex   1.400000e+02 -1.600000e+02 2.000000e+01
      vertex   1.170013e+02 -1.755805e+02 2.000000e+01
    endloop
  endfacet
  facet normal -7.486473e-17 -1.175141e-16 -1.000000e+00
    outer loop
      vertex   1.170013e+02 -1.755805e+02 2.000000e+01
      vertex   1.400000e+02 -1.600000e+02 2.000000e+01
      vertex   1.194823e+02 -1.771610e+02 2.000000e+01
    endloop
  endfacet
  facet normal -8.284787e-17 -1.079694e-16 -1.000000e+00
    outer loop
      vertex   1.194823e+02 -1.771610e+02 2.000000e+01
      vertex   1.400000e+02 -1.600000e+02 2.000000e+01
      vertex   1.218161e+02 -1.789518e+02 2.000000e+01
    endloop
  endfacet
  facet normal -9.140888e-17 -9.975529e-17 -1.000000e+00
    outer loop
      vertex   1.218161e+02 -1.789518e+02 2.000000e+01
      vertex   1.400000e+02 -1.600000e+02 2.000000e+01
      vertex   1.239849e+02 -1.809391e+02 2.000000e+01
    endloop
  endfacet
  facet normal -1.009228e-16 -9.247867e-17 -1.000000e+00
    outer loop
      vertex   1.239849e+02 -1.809391e+02 2.000000e+01
      vertex   1.400000e+02 -1.600000e+02 2.000000e+01
      vertex   1.259722e+02 -1.831079e+02 2.000000e+01
    endloop
  endfacet
  facet normal -1.118643e-16 -8.583652e-17 -1.000000e+00
    outer loop
      vertex   1.259722e+02 -1.831079e+02 2.000000e+01
      vertex   1.400000e+02 -1.600000e+02 2.000000e+01
      vertex   1.277630e+02 -1.854417e+02 2.000000e+01
    endloop
  endfacet
  facet normal -1.248969e-16 -7.956808e-17 -1.000000e+00
    outer loop
      vertex   1.277630e+02 -1.854417e+02 2.000000e+01
      vertex   1.400000e+02 -1.600000e+02 2.000000e+01
      vertex   1.293435e+02 -1.879226e+02 2.000000e+01
    endloop
  endfacet
  facet normal -1.410249e-16 -7.341292e-17 -1.000000e+00
    outer loop
      vertex   1.293435e+02 -1.879226e+02 2.000000e+01
      vertex   1.400000e+02 -1.600000e+02 2.000000e+01
      vertex   1.307018e+02 -1.905319e+02 2.000000e+01
    endloop
  endfacet
  facet normal -1.618923e-16 -6.705797e-17 -1.000000e+00
    outer loop
      vertex   1.307018e+02 -1.905319e+02 2.000000e+01
      vertex   1.400000e+02 -1.600000e+02 2.000000e+01
      vertex   1.318275e+02 -1.932496e+02 2.000000e+01
    endloop
  endfacet
  facet normal -2.447364e-15 4.946918e-16 -1.000000e+00
    outer loop
      vertex   1.318275e+02 -1.932496e+02 2.000000e+01
      vertex   1.400000e+02 -1.600000e+02 2.000000e+01
      vertex   1.327121e+02 -1.960551e+02 2.000000e+01
    endloop
  endfacet
  facet normal 0.000000e+00 0.000000e+00 -1.000000e+00
    outer loop
      vertex   1.327121e+02 -1.960551e+02 2.000000e+01
      vertex   1.400000e+02 -1.600000e+02 2.000000e+01
      vertex   1.333488e+02 -1.989270e+02 2.000000e+01
    endloop
  endfacet
  facet normal 0.000000e+00 0.000000e+00 -1.000000e+00
    outer loop
      vertex   1.333488e+02 -1.989270e+02 2.000000e+01
      vertex   1.400000e+02 -1.600000e+02 2.000000e+01
      vertex   1.337327e+02 -2.018435e+02 2.000000e+01
    endloop
  endfacet
  facet normal 0.000000e+00 -1.973730e-16 1.000000e+00
    outer loop
      vertex   1.300000e+02 -1.600000e+02 3.000000e+01
      vertex   7.000000e+01 -1.600000e+02 3.000000e+01
      vertex   1.300000e+02 -2.500000e+02 3.000000e+01
    endloop
  endfacet
  facet normal 0.000000e+00 -1.973730e-16 1.000000e+00
    outer loop
      vertex   1.300000e+02 -2.500000e+02 3.000000e+01
      vertex   7.000000e+01 -1.600000e+02 3.000000e+01
      vertex   7.000000e+01 -2.500000e+02 3.000000e+01
    endloop
  endfacet
  facet normal -1.000000e+00 -0.000000e+00 0.000000e+00
    outer loop
      vertex   6.000000e+01 -1.600000e+02 1.890000e+02
      vertex   6.000000e+01 -2.125000e+02 1.800000e+02
      vertex   6.000000e+01 -2.500000e+02 1.890000e+02
    endloop
  endfacet
  facet normal -1.000000e+00 0.000000e+00 0.000000e+00
    outer loop
      vertex   6.000000e+01 -2.500000e+02 1.890000e+02
      vertex   6.000000e+01 -2.125000e+02 1.800000e+02
      vertex   6.000000e+01 -2.175000e+02 1.800000e+02
    endloop
  endfacet
  facet normal -1.000000e+00 0.000000e+00 0.000000e+00
    outer loop
      vertex   6.000000e+01 -2.500000e+02 1.890000e+02
      vertex   6.000000e+01 -2.175000e+02 1.800000e+02
      vertex   6.000000e+01 -2.181470e+02 1.799148e+02
    endloop
  endfacet
  facet normal -1.000000e+00 0.000000e+00 0.000000e+00
    outer loop
      vertex   6.000000e+01 -1.600000e+02 2.000000e+01
      vertex   6.000000e+01 -1.700000e+02 3.250000e+01
      vertex   6.000000e+01 -1.600000e+02 1.890000e+02
    endloop
  endfacet
  facet normal -1.000000e+00 0.000000e+00 0.000000e+00
    outer loop
      vertex   6.000000e+01 -1.600000e+02 1.890000e+02
      vertex   6.000000e+01 -1.700000e+02 3.250000e+01
      vertex   6.000000e+01 -1.700000e+02 1.775000e+02
    endloop
  endfacet
  facet normal -1.000000e+00 0.000000e+00 0.000000e+00
    outer loop
      vertex   6.000000e+01 -1.600000e+02 1.890000e+02
      vertex   6.000000e+01 -1.700000e+02 1.775000e+02
      vertex   6.000000e+01 -1.700852e+02 1.781470e+02
    endloop
  endfacet
  facet normal -1.000000e+00 0.000000e+00 0.000000e+00
    outer loop
      vertex   6.000000e+01 -2.500000e+02 2.000000e+01
      vertex   6.000000e+01 -2.125000e+02 3.000000e+01
      vertex   6.000000e+01 -1.600000e+02 2.000000e+01
    endloop
  endfacet
  facet normal -1.000000e+00 0.000000e+00 0.000000e+00
    outer loop
      vertex   6.000000e+01 -1.600000e+02 2.000000e+01
      vertex   6.000000e+01 -2.125000e+02 3.000000e+01
      vertex   6.000000e+01 -1.975000e+02 3.000000e+01
    endloop
  endfacet
  facet normal -1.000000e+00 0.000000e+00 0.000000e+00
    outer loop
      vertex   6.000000e+01 -1.600000e+02 2.000000e+01
      vertex   6.000000e+01 -1.975000e+02 3.000000e+01
      vertex   6.000000e+01 -1.925000e+02 3.000000e+01
    endloop
  endfacet
  facet normal -1.000000e+00 0.000000e+00 0.000000e+00
    outer loop
      vertex   6.000000e+01 -2.500000e+02 1.890000e+02
      vertex   6.000000e+01 -2.400000e+02 3.250000e+01
      vertex   6.000000e+01 -2.500000e+02 2.000000e+01
    endloop
  endfacet
  facet normal -1.000000e+00 0.000000e+00 0.000000e+00
    outer loop
      vertex   6.000000e+01 -2.500000e+02 2.000000e+01
      vertex   6.000000e+01 -2.400000e+02 3.250000e+01
      vertex   6.000000e+01 -2.399148e+02 3.185295e+01
    endloop
  endfacet
  facet normal -1.000000e+00 0.000000e+00 0.000000e+00
    outer loop
      vertex   6.000000e+01 -2.500000e+02 2.000000e+01
      vertex   6.000000e+01 -2.399148e+02 3.185295e+01
      vertex   6.000000e+01 -2.396651e+02 3.125000e+01
    endloop
  endfacet
  facet normal -1.000000e+00 0.000000e+00 0.000000e+00
    outer loop
      vertex   6.000000e+01 -2.100000e+02 1.775000e+02
      vertex   6.000000e+01 -2.000000e+02 3.250000e+01
      vertex   6.000000e+01 -2.100000e+02 3.250000e+01
    endloop
  endfacet
  facet normal -1.000000e+00 0.000000e+00 0.000000e+00
    outer loop
      vertex   6.000000e+01 -2.100000e+02 3.250000e+01
      vertex   6.000000e+01 -2.000000e+02 3.250000e+01
      vertex   6.000000e+01 -1.999148e+02 3.185295e+01
    endloop
  endfacet
  facet normal -1.000000e+00 0.000000e+00 -0.000000e+00
    outer loop
      vertex   6.000000e+01 -2.100000e+02 3.250000e+01
      vertex   6.000000e+01 -1.999148e+02 3.185295e+01
      vertex   6.000000e+01 -2.100852e+02 3.185295e+01
    endloop
  endfacet
  facet normal -1.000000e+00 0.000000e+00 0.000000e+00
    outer loop
      vertex   6.000000e+01 -2.100852e+02 3.185295e+01
      vertex   6.000000e+01 -1.999148e+02 3.185295e+01
      vertex   6.000000e+01 -1.996651e+02 3.125000e+01
    endloop
  endfacet
  facet normal -1.000000e+00 0.000000e+00 -0.000000e+00
    outer loop
      vertex   6.000000e+01 -2.100852e+02 3.185295e+01
      vertex   6.000000e+01 -1.996651e+02 3.125000e+01
      vertex   6.000000e+01 -2.103349e+02 3.125000e+01
    endloop
  endfacet
  facet normal -1.000000e+00 0.000000e+00 0.000000e+00
    outer loop
      vertex   6.000000e+01 -2.103349e+02 3.125000e+01
      vertex   6.000000e+01 -1.996651e+02 3.125000e+01
      vertex   6.000000e+01 -1.992678e+02 3.073223e+01
    endloop
  endfacet
  facet normal -1.000000e+00 0.000000e+00 -0.000000e+00
    outer loop
      vertex   6.000000e+01 -2.103349e+02 3.125000e+01
      vertex   6.000000e+01 -1.992678e+02 3.073223e+01
      vertex   6.000000e+01 -2.107322e+02 3.073223e+01
    endloop
  endfacet
  facet normal -1.000000e+00 0.000000e+00 0.000000e+00
    outer loop
      vertex   6.000000e+01 -2.107322e+02 3.073223e+01
      vertex   6.000000e+01 -1.992678e+02 3.073223e+01
      vertex   6.000000e+01 -1.987500e+02 3.033494e+01
    endloop
  endfacet
  facet normal -1.000000e+00 0.000000e+00 -0.000000e+00
    outer loop
      vertex   6.000000e+01 -2.107322e+02 3.073223e+01
      vertex   6.000000e+01 -1.987500e+02 3.033494e+01
      vertex   6.000000e+01 -2.112500e+02 3.033494e+01
    endloop
  endfacet
  facet normal -1.000000e+00 0.000000e+00 0.000000e+00
    outer loop
      vertex   6.000000e+01 -2.112500e+02 3.033494e+01
      vertex   6.000000e+01 -1.987500e+02 3.033494e+01
      vertex   6.000000e+01 -1.981470e+02 3.008519e+01
    endloop
  endfacet
  facet normal -1.000000e+00 0.000000e+00 -0.000000e+00
    outer loop
      vertex   6.000000e+01 -2.112500e+02 3.033494e+01
      vertex   6.000000e+01 -1.981470e+02 3.008519e+01
      vertex   6.000000e+01 -2.118530e+02 3.008519e+01
    endloop
  endfacet
  facet normal -1.000000e+00 0.000000e+00 -0.000000e+00
    outer loop
      vertex   6.000000e+01 -2.118530e+02 3.008519e+01
      vertex   6.000000e+01 -1.981470e+02 3.008519e+01
      vertex   6.000000e+01 -2.125000e+02 3.000000e+01
    endloop
  endfacet
  facet normal -1.000000e+00 0.000000e+00 0.000000e+00
    outer loop
      vertex   6.000000e+01 -2.125000e+02 3.000000e+01
      vertex   6.000000e+01 -1.981470e+02 3.008519e+01
      vertex   6.000000e+01 -1.975000e+02 3.000000e+01
    endloop
  endfacet
  facet normal -1.000000e+00 0.000000e+00 0.000000e+00
    outer loop
      vertex   6.000000e+01 -2.100852e+02 1.781470e+02
      vertex   6.000000e+01 -1.999148e+02 1.781470e+02
      vertex   6.000000e+01 -2.100000e+02 1.775000e+02
    endloop
  endfacet
  facet normal -1.000000e+00 0.000000e+00 0.000000e+00
    outer loop
      vertex   6.000000e+01 -2.100000e+02 1.775000e+02
      vertex   6.000000e+01 -1.999148e+02 1.781470e+02
      vertex   6.000000e+01 -2.000000e+02 1.775000e+02
    endloop
  endfacet
  facet normal -1.000000e+00 0.000000e+00 0.000000e+00
    outer loop
      vertex   6.000000e+01 -2.100000e+02 1.775000e+02
      vertex   6.000000e+01 -2.000000e+02 1.775000e+02
      vertex   6.000000e+01 -2.000000e+02 3.250000e+01
    endloop
  endfacet
  facet normal -1.000000e+00 0.000000e+00 0.000000e+00
    outer loop
      vertex   6.000000e+01 -1.999148e+02 1.781470e+02
      vertex   6.000000e+01 -2.100852e+02 1.781470e+02
      vertex   6.000000e+01 -1.996651e+02 1.787500e+02
    endloop
  endfacet
  facet normal -1.000000e+00 -0.000000e+00 0.000000e+00
    outer loop
      vertex   6.000000e+01 -1.996651e+02 1.787500e+02
      vertex   6.000000e+01 -2.100852e+02 1.781470e+02
      vertex   6.000000e+01 -2.103349e+02 1.787500e+02
    endloop
  endfacet
  facet normal -1.000000e+00 0.000000e+00 0.000000e+00
    outer loop
      vertex   6.000000e+01 -1.996651e+02 1.787500e+02
      vertex   6.000000e+01 -2.103349e+02 1.787500e+02
      vertex   6.000000e+01 -1.992678e+02 1.792678e+02
    endloop
  endfacet
  facet normal -1.000000e+00 -0.000000e+00 0.000000e+00
    outer loop
      vertex   6.000000e+01 -1.992678e+02 1.792678e+02
      vertex   6.000000e+01 -2.103349e+02 1.787500e+02
      vertex   6.000000e+01 -2.107322e+02 1.792678e+02
    endloop
  endfacet
  facet normal -1.000000e+00 0.000000e+00 0.000000e+00
    outer loop
      vertex   6.000000e+01 -1.992678e+02 1.792678e+02
      vertex   6.000000e+01 -2.107322e+02 1.792678e+02
      vertex   6.000000e+01 -1.987500e+02 1.796651e+02
    endloop
  endfacet
  facet normal -1.000000e+00 -0.000000e+00 0.000000e+00
    outer loop
      vertex   6.000000e+01 -1.987500e+02 1.796651e+02
      vertex   6.000000e+01 -2.107322e+02 1.792678e+02
      vertex   6.000000e+01 -2.112500e+02 1.796651e+02
    endloop
  endfacet
  facet normal -1.000000e+00 0.000000e+00 0.000000e+00
    outer loop
      vertex   6.000000e+01 -1.987500e+02 1.796651e+02
      vertex   6.000000e+01 -2.112500e+02 1.796651e+02
      vertex   6.000000e+01 -1.981470e+02 1.799148e+02
    endloop
  endfacet
  facet normal -1.000000e+00 0.000000e+00 0.000000e+00
    outer loop
      vertex   6.000000e+01 -1.981470e+02 1.799148e+02
      vertex   6.000000e+01 -2.112500e+02 1.796651e+02
      vertex   6.000000e+01 -2.118530e+02 1.799148e+02
    endloop
  endfacet
  facet normal -1.000000e+00 -0.000000e+00 0.000000e+00
    outer loop
      vertex   6.000000e+01 -1.981470e+02 1.799148e+02
      vertex   6.000000e+01 -2.118530e+02 1.799148e+02
      vertex   6.000000e+01 -2.125000e+02 1.800000e+02
    endloop
  endfacet
  facet normal -1.000000e+00 0.000000e+00 0.000000e+00
    outer loop
      vertex   6.000000e+01 -2.187500e+02 1.796651e+02
      vertex   6.000000e+01 -2.312500e+02 1.796651e+02
      vertex   6.000000e+01 -2.181470e+02 1.799148e+02
    endloop
  endfacet
  facet normal -1.000000e+00 0.000000e+00 0.000000e+00
    outer loop
      vertex   6.000000e+01 -2.181470e+02 1.799148e+02
      vertex   6.000000e+01 -2.312500e+02 1.796651e+02
      vertex   6.000000e+01 -2.318530e+02 1.799148e+02
    endloop
  endfacet
  facet normal -1.000000e+00 -0.000000e+00 0.000000e+00
    outer loop
      vertex   6.000000e+01 -2.181470e+02 1.799148e+02
      vertex   6.000000e+01 -2.318530e+02 1.799148e+02
      vertex   6.000000e+01 -2.500000e+02 1.890000e+02
    endloop
  endfacet
  facet normal -1.000000e+00 0.000000e+00 0.000000e+00
    outer loop
      vertex   6.000000e+01 -2.500000e+02 1.890000e+02
      vertex   6.000000e+01 -2.318530e+02 1.799148e+02
      vertex   6.000000e+01 -2.325000e+02 1.800000e+02
    endloop
  endfacet
  facet normal -1.000000e+00 0.000000e+00 0.000000e+00
    outer loop
      vertex   6.000000e+01 -2.500000e+02 1.890000e+02
      vertex   6.000000e+01 -2.325000e+02 1.800000e+02
      vertex   6.000000e+01 -2.375000e+02 1.800000e+02
    endloop
  endfacet
  facet normal -1.000000e+00 0.000000e+00 0.000000e+00
    outer loop
      vertex   6.000000e+01 -2.312500e+02 1.796651e+02
      vertex   6.000000e+01 -2.187500e+02 1.796651e+02
      vertex   6.000000e+01 -2.307322e+02 1.792678e+02
    endloop
  endfacet
  facet normal -1.000000e+00 0.000000e+00 0.000000e+00
    outer loop
      vertex   6.000000e+01 -2.307322e+02 1.792678e+02
      vertex   6.000000e+01 -2.187500e+02 1.796651e+02
      vertex   6.000000e+01 -2.192678e+02 1.792678e+02
    endloop
  endfacet
  facet normal -1.000000e+00 0.000000e+00 0.000000e+00
    outer loop
      vertex   6.000000e+01 -2.307322e+02 1.792678e+02
      vertex   6.000000e+01 -2.192678e+02 1.792678e+02
      vertex   6.000000e+01 -2.303349e+02 1.787500e+02
    endloop
  endfacet
  facet normal -1.000000e+00 0.000000e+00 0.000000e+00
    outer loop
      vertex   6.000000e+01 -2.303349e+02 1.787500e+02
      vertex   6.000000e+01 -2.192678e+02 1.792678e+02
      vertex   6.000000e+01 -2.196651e+02 1.787500e+02
    endloop
  endfacet
  facet normal -1.000000e+00 0.000000e+00 0.000000e+00
    outer loop
      vertex   6.000000e+01 -2.303349e+02 1.787500e+02
      vertex   6.000000e+01 -2.196651e+02 1.787500e+02
      vertex   6.000000e+01 -2.300852e+02 1.781470e+02
    endloop
  endfacet
  facet normal -1.000000e+00 0.000000e+00 0.000000e+00
    outer loop
      vertex   6.000000e+01 -2.300852e+02 1.781470e+02
      vertex   6.000000e+01 -2.196651e+02 1.787500e+02
      vertex   6.000000e+01 -2.199148e+02 1.781470e+02
    endloop
  endfacet
  facet normal -1.000000e+00 0.000000e+00 0.000000e+00
    outer loop
      vertex   6.000000e+01 -2.300852e+02 1.781470e+02
      vertex   6.000000e+01 -2.199148e+02 1.781470e+02
      vertex   6.000000e+01 -2.300000e+02 1.775000e+02
    endloop
  endfacet
  facet normal -1.000000e+00 0.000000e+00 0.000000e+00
    outer loop
      vertex   6.000000e+01 -2.300000e+02 1.775000e+02
      vertex   6.000000e+01 -2.199148e+02 1.781470e+02
      vertex   6.000000e+01 -2.200000e+02 1.775000e+02
    endloop
  endfacet
  facet normal -1.000000e+00 0.000000e+00 0.000000e+00
    outer loop
      vertex   6.000000e+01 -2.300000e+02 1.775000e+02
      vertex   6.000000e+01 -2.200000e+02 1.775000e+02
      vertex   6.000000e+01 -2.200000e+02 3.250000e+01
    endloop
  endfacet
  facet normal -1.000000e+00 0.000000e+00 0.000000e+00
    outer loop
      vertex   6.000000e+01 -2.300000e+02 1.775000e+02
      vertex   6.000000e+01 -2.200000e+02 3.250000e+01
      vertex   6.000000e+01 -2.300000e+02 3.250000e+01
    endloop
  endfacet
  facet normal -1.000000e+00 0.000000e+00 0.000000e+00
    outer loop
      vertex   6.000000e+01 -2.300000e+02 3.250000e+01
      vertex   6.000000e+01 -2.200000e+02 3.250000e+01
      vertex   6.000000e+01 -2.199148e+02 3.185295e+01
    endloop
  endfacet
  facet normal -1.000000e+00 0.000000e+00 -0.000000e+00
    outer loop
      vertex   6.000000e+01 -2.300000e+02 3.250000e+01
      vertex   6.000000e+01 -2.199148e+02 3.185295e+01
      vertex   6.000000e+01 -2.300852e+02 3.185295e+01
    endloop
  endfacet
  facet normal -1.000000e+00 0.000000e+00 0.000000e+00
    outer loop
      vertex   6.000000e+01 -2.300852e+02 3.185295e+01
      vertex   6.000000e+01 -2.199148e+02 3.185295e+01
      vertex   6.000000e+01 -2.196651e+02 3.125000e+01
    endloop
  endfacet
  facet normal -1.000000e+00 0.000000e+00 -0.000000e+00
    outer loop
      vertex   6.000000e+01 -2.300852e+02 3.185295e+01
      vertex   6.000000e+01 -2.196651e+02 3.125000e+01
      vertex   6.000000e+01 -2.303349e+02 3.125000e+01
    endloop
  endfacet
  facet normal -1.000000e+00 0.000000e+00 0.000000e+00
    outer loop
      vertex   6.000000e+01 -2.303349e+02 3.125000e+01
      vertex   6.000000e+01 -2.196651e+02 3.125000e+01
      vertex   6.000000e+01 -2.192678e+02 3.073223e+01
    endloop
  endfacet
  facet normal -1.000000e+00 0.000000e+00 -0.000000e+00
    outer loop
      vertex   6.000000e+01 -2.303349e+02 3.125000e+01
      vertex   6.000000e+01 -2.192678e+02 3.073223e+01
      vertex   6.000000e+01 -2.307322e+02 3.073223e+01
    endloop
  endfacet
  facet normal -1.000000e+00 0.000000e+00 0.000000e+00
    outer loop
      vertex   6.000000e+01 -2.307322e+02 3.073223e+01
      vertex   6.000000e+01 -2.192678e+02 3.073223e+01
      vertex   6.000000e+01 -2.187500e+02 3.033494e+01
    endloop
  endfacet
  facet normal -1.000000e+00 0.000000e+00 -0.000000e+00
    outer loop
      vertex   6.000000e+01 -2.307322e+02 3.073223e+01
      vertex   6.000000e+01 -2.187500e+02 3.033494e+01
      vertex   6.000000e+01 -2.312500e+02 3.033494e+01
    endloop
  endfacet
  facet normal -1.000000e+00 0.000000e+00 0.000000e+00
    outer loop
      vertex   6.000000e+01 -2.312500e+02 3.033494e+01
      vertex   6.000000e+01 -2.187500e+02 3.033494e+01
      vertex   6.000000e+01 -2.181470e+02 3.008519e+01
    endloop
  endfacet
  facet normal -1.000000e+00 0.000000e+00 -0.000000e+00
    outer loop
      vertex   6.000000e+01 -2.312500e+02 3.033494e+01
      vertex   6.000000e+01 -2.181470e+02 3.008519e+01
      vertex   6.000000e+01 -2.318530e+02 3.008519e+01
    endloop
  endfacet
  facet normal -1.000000e+00 0.000000e+00 -0.000000e+00
    outer loop
      vertex   6.000000e+01 -2.318530e+02 3.008519e+01
      vertex   6.000000e+01 -2.181470e+02 3.008519e+01
      vertex   6.000000e+01 -2.500000e+02 2.000000e+01
    endloop
  endfacet
  facet normal -1.000000e+00 0.000000e+00 0.000000e+00
    outer loop
      vertex   6.000000e+01 -2.318530e+02 3.008519e+01
      vertex   6.000000e+01 -2.500000e+02 2.000000e+01
      vertex   6.000000e+01 -2.325000e+02 3.000000e+01
    endloop
  endfacet
  facet normal -1.000000e+00 0.000000e+00 0.000000e+00
    outer loop
      vertex   6.000000e+01 -2.325000e+02 3.000000e+01
      vertex   6.000000e+01 -2.500000e+02 2.000000e+01
      vertex   6.000000e+01 -2.375000e+02 3.000000e+01
    endloop
  endfacet
  facet normal -1.000000e+00 -0.000000e+00 0.000000e+00
    outer loop
      vertex   6.000000e+01 -2.375000e+02 3.000000e+01
      vertex   6.000000e+01 -2.500000e+02 2.000000e+01
      vertex   6.000000e+01 -2.381470e+02 3.008519e+01
    endloop
  endfacet
  facet normal -1.000000e+00 -0.000000e+00 0.000000e+00
    outer loop
      vertex   6.000000e+01 -2.381470e+02 3.008519e+01
      vertex   6.000000e+01 -2.500000e+02 2.000000e+01
      vertex   6.000000e+01 -2.387500e+02 3.033494e+01
    endloop
  endfacet
  facet normal -1.000000e+00 -0.000000e+00 0.000000e+00
    outer loop
      vertex   6.000000e+01 -2.387500e+02 3.033494e+01
      vertex   6.000000e+01 -2.500000e+02 2.000000e+01
      vertex   6.000000e+01 -2.392678e+02 3.073223e+01
    endloop
  endfacet
  facet normal -1.000000e+00 -0.000000e+00 0.000000e+00
    outer loop
      vertex   6.000000e+01 -2.392678e+02 3.073223e+01
      vertex   6.000000e+01 -2.500000e+02 2.000000e+01
      vertex   6.000000e+01 -2.396651e+02 3.125000e+01
    endloop
  endfacet
  facet normal -1.000000e+00 0.000000e+00 -0.000000e+00
    outer loop
      vertex   6.000000e+01 -2.181470e+02 3.008519e+01
      vertex   6.000000e+01 -2.175000e+02 3.000000e+01
      vertex   6.000000e+01 -2.500000e+02 2.000000e+01
    endloop
  endfacet
  facet normal -1.000000e+00 0.000000e+00 0.000000e+00
    outer loop
      vertex   6.000000e+01 -2.500000e+02 2.000000e+01
      vertex   6.000000e+01 -2.175000e+02 3.000000e+01
      vertex   6.000000e+01 -2.125000e+02 3.000000e+01
    endloop
  endfacet
  facet normal -1.000000e+00 0.000000e+00 0.000000e+00
    outer loop
      vertex   6.000000e+01 -1.900000e+02 1.775000e+02
      vertex   6.000000e+01 -1.800000e+02 3.250000e+01
      vertex   6.000000e+01 -1.900000e+02 3.250000e+01
    endloop
  endfacet
  facet normal -1.000000e+00 0.000000e+00 0.000000e+00
    outer loop
      vertex   6.000000e+01 -1.900000e+02 3.250000e+01
      vertex   6.000000e+01 -1.800000e+02 3.250000e+01
      vertex   6.000000e+01 -1.799148e+02 3.185295e+01
    endloop
  endfacet
  facet normal -1.000000e+00 0.000000e+00 -0.000000e+00
    outer loop
      vertex   6.000000e+01 -1.900000e+02 3.250000e+01
      vertex   6.000000e+01 -1.799148e+02 3.185295e+01
      vertex   6.000000e+01 -1.900852e+02 3.185295e+01
    endloop
  endfacet
  facet normal -1.000000e+00 0.000000e+00 0.000000e+00
    outer loop
      vertex   6.000000e+01 -1.900852e+02 3.185295e+01
      vertex   6.000000e+01 -1.799148e+02 3.185295e+01
      vertex   6.000000e+01 -1.796651e+02 3.125000e+01
    endloop
  endfacet
  facet normal -1.000000e+00 0.000000e+00 -0.000000e+00
    outer loop
      vertex   6.000000e+01 -1.900852e+02 3.185295e+01
      vertex   6.000000e+01 -1.796651e+02 3.125000e+01
      vertex   6.000000e+01 -1.903349e+02 3.125000e+01
    endloop
  endfacet
  facet normal -1.000000e+00 0.000000e+00 0.000000e+00
    outer loop
      vertex   6.000000e+01 -1.903349e+02 3.125000e+01
      vertex   6.000000e+01 -1.796651e+02 3.125000e+01
      vertex   6.000000e+01 -1.792678e+02 3.073223e+01
    endloop
  endfacet
  facet normal -1.000000e+00 0.000000e+00 -0.000000e+00
    outer loop
      vertex   6.000000e+01 -1.903349e+02 3.125000e+01
      vertex   6.000000e+01 -1.792678e+02 3.073223e+01
      vertex   6.000000e+01 -1.907322e+02 3.073223e+01
    endloop
  endfacet
  facet normal -1.000000e+00 0.000000e+00 0.000000e+00
    outer loop
      vertex   6.000000e+01 -1.907322e+02 3.073223e+01
      vertex   6.000000e+01 -1.792678e+02 3.073223e+01
      vertex   6.000000e+01 -1.787500e+02 3.033494e+01
    endloop
  endfacet
  facet normal -1.000000e+00 0.000000e+00 -0.000000e+00
    outer loop
      vertex   6.000000e+01 -1.907322e+02 3.073223e+01
      vertex   6.000000e+01 -1.787500e+02 3.033494e+01
      vertex   6.000000e+01 -1.912500e+02 3.033494e+01
    endloop
  endfacet
  facet normal -1.000000e+00 0.000000e+00 -0.000000e+00
    outer loop
      vertex   6.000000e+01 -1.912500e+02 3.033494e+01
      vertex   6.000000e+01 -1.787500e+02 3.033494e+01
      vertex   6.000000e+01 -1.918530e+02 3.008519e+01
    endloop
  endfacet
  facet normal -1.000000e+00 0.000000e+00 0.000000e+00
    outer loop
      vertex   6.000000e+01 -1.918530e+02 3.008519e+01
      vertex   6.000000e+01 -1.787500e+02 3.033494e+01
      vertex   6.000000e+01 -1.781470e+02 3.008519e+01
    endloop
  endfacet
  facet normal -1.000000e+00 0.000000e+00 0.000000e+00
    outer loop
      vertex   6.000000e+01 -1.918530e+02 3.008519e+01
      vertex   6.000000e+01 -1.781470e+02 3.008519e+01
      vertex   6.000000e+01 -1.600000e+02 2.000000e+01
    endloop
  endfacet
  facet normal -1.000000e+00 0.000000e+00 0.000000e+00
    outer loop
      vertex   6.000000e+01 -1.600000e+02 2.000000e+01
      vertex   6.000000e+01 -1.781470e+02 3.008519e+01
      vertex   6.000000e+01 -1.775000e+02 3.000000e+01
    endloop
  endfacet
  facet normal -1.000000e+00 0.000000e+00 0.000000e+00
    outer loop
      vertex   6.000000e+01 -1.600000e+02 2.000000e+01
      vertex   6.000000e+01 -1.775000e+02 3.000000e+01
      vertex   6.000000e+01 -1.725000e+02 3.000000e+01
    endloop
  endfacet
  facet normal -1.000000e+00 0.000000e+00 0.000000e+00
    outer loop
      vertex   6.000000e+01 -1.900852e+02 1.781470e+02
      vertex   6.000000e+01 -1.799148e+02 1.781470e+02
      vertex   6.000000e+01 -1.900000e+02 1.775000e+02
    endloop
  endfacet
  facet normal -1.000000e+00 0.000000e+00 0.000000e+00
    outer loop
      vertex   6.000000e+01 -1.900000e+02 1.775000e+02
      vertex   6.000000e+01 -1.799148e+02 1.781470e+02
      vertex   6.000000e+01 -1.800000e+02 1.775000e+02
    endloop
  endfacet
  facet normal -1.000000e+00 0.000000e+00 0.000000e+00
    outer loop
      vertex   6.000000e+01 -1.900000e+02 1.775000e+02
      vertex   6.000000e+01 -1.800000e+02 1.775000e+02
      vertex   6.000000e+01 -1.800000e+02 3.250000e+01
    endloop
  endfacet
  facet normal -1.000000e+00 0.000000e+00 0.000000e+00
    outer loop
      vertex   6.000000e+01 -1.799148e+02 1.781470e+02
      vertex   6.000000e+01 -1.900852e+02 1.781470e+02
      vertex   6.000000e+01 -1.796651e+02 1.787500e+02
    endloop
  endfacet
  facet normal -1.000000e+00 -0.000000e+00 0.000000e+00
    outer loop
      vertex   6.000000e+01 -1.796651e+02 1.787500e+02
      vertex   6.000000e+01 -1.900852e+02 1.781470e+02
      vertex   6.000000e+01 -1.903349e+02 1.787500e+02
    endloop
  endfacet
  facet normal -1.000000e+00 0.000000e+00 0.000000e+00
    outer loop
      vertex   6.000000e+01 -1.796651e+02 1.787500e+02
      vertex   6.000000e+01 -1.903349e+02 1.787500e+02
      vertex   6.000000e+01 -1.792678e+02 1.792678e+02
    endloop
  endfacet
  facet normal -1.000000e+00 -0.000000e+00 0.000000e+00
    outer loop
      vertex   6.000000e+01 -1.792678e+02 1.792678e+02
      vertex   6.000000e+01 -1.903349e+02 1.787500e+02
      vertex   6.000000e+01 -1.907322e+02 1.792678e+02
    endloop
  endfacet
  facet normal -1.000000e+00 0.000000e+00 0.000000e+00
    outer loop
      vertex   6.000000e+01 -1.792678e+02 1.792678e+02
      vertex   6.000000e+01 -1.907322e+02 1.792678e+02
      vertex   6.000000e+01 -1.787500e+02 1.796651e+02
    endloop
  endfacet
  facet normal -1.000000e+00 -0.000000e+00 0.000000e+00
    outer loop
      vertex   6.000000e+01 -1.787500e+02 1.796651e+02
      vertex   6.000000e+01 -1.907322e+02 1.792678e+02
      vertex   6.000000e+01 -1.912500e+02 1.796651e+02
    endloop
  endfacet
  facet normal -1.000000e+00 0.000000e+00 0.000000e+00
    outer loop
      vertex   6.000000e+01 -1.787500e+02 1.796651e+02
      vertex   6.000000e+01 -1.912500e+02 1.796651e+02
      vertex   6.000000e+01 -1.918530e+02 1.799148e+02
    endloop
  endfacet
  facet normal -1.000000e+00 0.000000e+00 0.000000e+00
    outer loop
      vertex   6.000000e+01 -1.925000e+02 1.800000e+02
      vertex   6.000000e+01 -1.600000e+02 1.890000e+02
      vertex   6.000000e+01 -1.918530e+02 1.799148e+02
    endloop
  endfacet
  facet normal -1.000000e+00 0.000000e+00 0.000000e+00
    outer loop
      vertex   6.000000e+01 -1.918530e+02 1.799148e+02
      vertex   6.000000e+01 -1.600000e+02 1.890000e+02
      vertex   6.000000e+01 -1.781470e+02 1.799148e+02
    endloop
  endfacet
  facet normal -1.000000e+00 0.000000e+00 0.000000e+00
    outer loop
      vertex   6.000000e+01 -1.918530e+02 1.799148e+02
      vertex   6.000000e+01 -1.781470e+02 1.799148e+02
      vertex   6.000000e+01 -1.787500e+02 1.796651e+02
    endloop
  endfacet
  facet normal -1.000000e+00 0.000000e+00 0.000000e+00
    outer loop
      vertex   6.000000e+01 -1.925000e+02 1.800000e+02
      vertex   6.000000e+01 -1.975000e+02 1.800000e+02
      vertex   6.000000e+01 -1.600000e+02 1.890000e+02
    endloop
  endfacet
  facet normal -1.000000e+00 0.000000e+00 0.000000e+00
    outer loop
      vertex   6.000000e+01 -1.600000e+02 1.890000e+02
      vertex   6.000000e+01 -1.975000e+02 1.800000e+02
      vertex   6.000000e+01 -2.125000e+02 1.800000e+02
    endloop
  endfacet
  facet normal -1.000000e+00 -0.000000e+00 0.000000e+00
    outer loop
      vertex   6.000000e+01 -1.975000e+02 1.800000e+02
      vertex   6.000000e+01 -1.981470e+02 1.799148e+02
      vertex   6.000000e+01 -2.125000e+02 1.800000e+02
    endloop
  endfacet
  facet normal -1.000000e+00 0.000000e+00 0.000000e+00
    outer loop
      vertex   6.000000e+01 -1.925000e+02 3.000000e+01
      vertex   6.000000e+01 -1.918530e+02 3.008519e+01
      vertex   6.000000e+01 -1.600000e+02 2.000000e+01
    endloop
  endfacet
  facet normal -1.000000e+00 -0.000000e+00 0.000000e+00
    outer loop
      vertex   6.000000e+01 -2.375000e+02 1.800000e+02
      vertex   6.000000e+01 -2.381470e+02 1.799148e+02
      vertex   6.000000e+01 -2.500000e+02 1.890000e+02
    endloop
  endfacet
  facet normal -1.000000e+00 0.000000e+00 0.000000e+00
    outer loop
      vertex   6.000000e+01 -2.500000e+02 1.890000e+02
      vertex   6.000000e+01 -2.381470e+02 1.799148e+02
      vertex   6.000000e+01 -2.387500e+02 1.796651e+02
    endloop
  endfacet
  facet normal -1.000000e+00 0.000000e+00 0.000000e+00
    outer loop
      vertex   6.000000e+01 -2.500000e+02 1.890000e+02
      vertex   6.000000e+01 -2.387500e+02 1.796651e+02
      vertex   6.000000e+01 -2.392678e+02 1.792678e+02
    endloop
  endfacet
  facet normal -1.000000e+00 -0.000000e+00 0.000000e+00
    outer loop
      vertex   6.000000e+01 -2.392678e+02 1.792678e+02
      vertex   6.000000e+01 -2.396651e+02 1.787500e+02
      vertex   6.000000e+01 -2.500000e+02 1.890000e+02
    endloop
  endfacet
  facet normal -1.000000e+00 0.000000e+00 0.000000e+00
    outer loop
      vertex   6.000000e+01 -2.500000e+02 1.890000e+02
      vertex   6.000000e+01 -2.396651e+02 1.787500e+02
      vertex   6.000000e+01 -2.399148e+02 1.781470e+02
    endloop
  endfacet
  facet normal -1.000000e+00 0.000000e+00 0.000000e+00
    outer loop
      vertex   6.000000e+01 -2.500000e+02 1.890000e+02
      vertex   6.000000e+01 -2.399148e+02 1.781470e+02
      vertex   6.000000e+01 -2.400000e+02 1.775000e+02
    endloop
  endfacet
  facet normal -1.000000e+00 -0.000000e+00 -0.000000e+00
    outer loop
      vertex   6.000000e+01 -2.400000e+02 1.775000e+02
      vertex   6.000000e+01 -2.400000e+02 3.250000e+01
      vertex   6.000000e+01 -2.500000e+02 1.890000e+02
    endloop
  endfacet
  facet normal -1.000000e+00 0.000000e+00 0.000000e+00
    outer loop
      vertex   6.000000e+01 -1.700852e+02 1.781470e+02
      vertex   6.000000e+01 -1.703349e+02 1.787500e+02
      vertex   6.000000e+01 -1.600000e+02 1.890000e+02
    endloop
  endfacet
  facet normal -1.000000e+00 0.000000e+00 0.000000e+00
    outer loop
      vertex   6.000000e+01 -1.600000e+02 1.890000e+02
      vertex   6.000000e+01 -1.703349e+02 1.787500e+02
      vertex   6.000000e+01 -1.707322e+02 1.792678e+02
    endloop
  endfacet
  facet normal -1.000000e+00 0.000000e+00 0.000000e+00
    outer loop
      vertex   6.000000e+01 -1.600000e+02 1.890000e+02
      vertex   6.000000e+01 -1.707322e+02 1.792678e+02
      vertex   6.000000e+01 -1.712500e+02 1.796651e+02
    endloop
  endfacet
  facet normal -1.000000e+00 0.000000e+00 0.000000e+00
    outer loop
      vertex   6.000000e+01 -1.712500e+02 1.796651e+02
      vertex   6.000000e+01 -1.718530e+02 1.799148e+02
      vertex   6.000000e+01 -1.600000e+02 1.890000e+02
    endloop
  endfacet
  facet normal -1.000000e+00 0.000000e+00 0.000000e+00
    outer loop
      vertex   6.000000e+01 -1.600000e+02 1.890000e+02
      vertex   6.000000e+01 -1.718530e+02 1.799148e+02
      vertex   6.000000e+01 -1.725000e+02 1.800000e+02
    endloop
  endfacet
  facet normal -1.000000e+00 0.000000e+00 0.000000e+00
    outer loop
      vertex   6.000000e+01 -1.600000e+02 1.890000e+02
      vertex   6.000000e+01 -1.725000e+02 1.800000e+02
      vertex   6.000000e+01 -1.775000e+02 1.800000e+02
    endloop
  endfacet
  facet normal -1.000000e+00 -0.000000e+00 0.000000e+00
    outer loop
      vertex   6.000000e+01 -1.775000e+02 1.800000e+02
      vertex   6.000000e+01 -1.781470e+02 1.799148e+02
      vertex   6.000000e+01 -1.600000e+02 1.890000e+02
    endloop
  endfacet
  facet normal -1.000000e+00 0.000000e+00 0.000000e+00
    outer loop
      vertex   6.000000e+01 -1.725000e+02 3.000000e+01
      vertex   6.000000e+01 -1.718530e+02 3.008519e+01
      vertex   6.000000e+01 -1.600000e+02 2.000000e+01
    endloop
  endfacet
  facet normal -1.000000e+00 0.000000e+00 0.000000e+00
    outer loop
      vertex   6.000000e+01 -1.600000e+02 2.000000e+01
      vertex   6.000000e+01 -1.718530e+02 3.008519e+01
      vertex   6.000000e+01 -1.712500e+02 3.033494e+01
    endloop
  endfacet
  facet normal -1.000000e+00 0.000000e+00 0.000000e+00
    outer loop
      vertex   6.000000e+01 -1.600000e+02 2.000000e+01
      vertex   6.000000e+01 -1.712500e+02 3.033494e+01
      vertex   6.000000e+01 -1.707322e+02 3.073223e+01
    endloop
  endfacet
  facet normal -1.000000e+00 0.000000e+00 0.000000e+00
    outer loop
      vertex   6.000000e+01 -1.707322e+02 3.073223e+01
      vertex   6.000000e+01 -1.703349e+02 3.125000e+01
      vertex   6.000000e+01 -1.600000e+02 2.000000e+01
    endloop
  endfacet
  facet normal -1.000000e+00 0.000000e+00 0.000000e+00
    outer loop
      vertex   6.000000e+01 -1.600000e+02 2.000000e+01
      vertex   6.000000e+01 -1.703349e+02 3.125000e+01
      vertex   6.000000e+01 -1.700852e+02 3.185295e+01
    endloop
  endfacet
  facet normal -1.000000e+00 0.000000e+00 0.000000e+00
    outer loop
      vertex   6.000000e+01 -1.600000e+02 2.000000e+01
      vertex   6.000000e+01 -1.700852e+02 3.185295e+01
      vertex   6.000000e+01 -1.700000e+02 3.250000e+01
    endloop
  endfacet
  facet normal 1.000000e+00 -0.000000e+00 -0.000000e+00
    outer loop
      vertex   1.370000e+02 -2.399148e+02 3.185295e+01
      vertex   1.370000e+02 -2.396651e+02 3.125000e+01
      vertex   1.370000e+02 -2.400000e+02 3.250000e+01
    endloop
  endfacet
  facet normal 1.000000e+00 0.000000e+00 0.000000e+00
    outer loop
      vertex   1.370000e+02 -2.400000e+02 3.250000e+01
      vertex   1.370000e+02 -2.396651e+02 3.125000e+01
      vertex   1.370000e+02 -2.392678e+02 3.073223e+01
    endloop
  endfacet
  facet normal 1.000000e+00 -0.000000e+00 0.000000e+00
    outer loop
      vertex   1.370000e+02 -2.400000e+02 3.250000e+01
      vertex   1.370000e+02 -2.392678e+02 3.073223e+01
      vertex   1.370000e+02 -2.392678e+02 1.792678e+02
    endloop
  endfacet
  facet normal 1.000000e+00 -0.000000e+00 0.000000e+00
    outer loop
      vertex   1.370000e+02 -2.392678e+02 1.792678e+02
      vertex   1.370000e+02 -2.392678e+02 3.073223e+01
      vertex   1.370000e+02 -2.387500e+02 1.796651e+02
    endloop
  endfacet
  facet normal 1.000000e+00 0.000000e+00 0.000000e+00
    outer loop
      vertex   1.370000e+02 -2.387500e+02 1.796651e+02
      vertex   1.370000e+02 -2.392678e+02 3.073223e+01
      vertex   1.370000e+02 -2.387500e+02 3.033494e+01
    endloop
  endfacet
  facet normal 1.000000e+00 -0.000000e+00 0.000000e+00
    outer loop
      vertex   1.370000e+02 -2.387500e+02 1.796651e+02
      vertex   1.370000e+02 -2.387500e+02 3.033494e+01
      vertex   1.370000e+02 -2.381470e+02 1.799148e+02
    endloop
  endfacet
  facet normal 1.000000e+00 0.000000e+00 0.000000e+00
    outer loop
      vertex   1.370000e+02 -2.381470e+02 1.799148e+02
      vertex   1.370000e+02 -2.387500e+02 3.033494e+01
      vertex   1.370000e+02 -2.381470e+02 3.008519e+01
    endloop
  endfacet
  facet normal 1.000000e+00 -0.000000e+00 0.000000e+00
    outer loop
      vertex   1.370000e+02 -2.381470e+02 1.799148e+02
      vertex   1.370000e+02 -2.381470e+02 3.008519e+01
      vertex   1.370000e+02 -2.375000e+02 1.800000e+02
    endloop
  endfacet
  facet normal 1.000000e+00 0.000000e+00 0.000000e+00
    outer loop
      vertex   1.370000e+02 -2.375000e+02 1.800000e+02
      vertex   1.370000e+02 -2.381470e+02 3.008519e+01
      vertex   1.370000e+02 -2.375000e+02 3.000000e+01
    endloop
  endfacet
  facet normal 1.000000e+00 0.000000e+00 0.000000e+00
    outer loop
      vertex   1.370000e+02 -2.375000e+02 1.800000e+02
      vertex   1.370000e+02 -2.375000e+02 3.000000e+01
      vertex   1.370000e+02 -2.325000e+02 3.000000e+01
    endloop
  endfacet
  facet normal 1.000000e+00 -0.000000e+00 0.000000e+00
    outer loop
      vertex   1.370000e+02 -2.375000e+02 1.800000e+02
      vertex   1.370000e+02 -2.325000e+02 3.000000e+01
      vertex   1.370000e+02 -2.325000e+02 1.800000e+02
    endloop
  endfacet
  facet normal 1.000000e+00 0.000000e+00 0.000000e+00
    outer loop
      vertex   1.370000e+02 -2.325000e+02 1.800000e+02
      vertex   1.370000e+02 -2.325000e+02 3.000000e+01
      vertex   1.370000e+02 -2.318530e+02 3.008519e+01
    endloop
  endfacet
  facet normal 1.000000e+00 0.000000e+00 0.000000e+00
    outer loop
      vertex   1.370000e+02 -2.325000e+02 1.800000e+02
      vertex   1.370000e+02 -2.318530e+02 3.008519e+01
      vertex   1.370000e+02 -2.318530e+02 1.799148e+02
    endloop
  endfacet
  facet normal 1.000000e+00 0.000000e+00 0.000000e+00
    outer loop
      vertex   1.370000e+02 -2.318530e+02 1.799148e+02
      vertex   1.370000e+02 -2.318530e+02 3.008519e+01
      vertex   1.370000e+02 -2.312500e+02 3.033494e+01
    endloop
  endfacet
  facet normal 1.000000e+00 0.000000e+00 0.000000e+00
    outer loop
      vertex   1.370000e+02 -2.318530e+02 1.799148e+02
      vertex   1.370000e+02 -2.312500e+02 3.033494e+01
      vertex   1.370000e+02 -2.312500e+02 1.796651e+02
    endloop
  endfacet
  facet normal 1.000000e+00 0.000000e+00 0.000000e+00
    outer loop
      vertex   1.370000e+02 -2.312500e+02 1.796651e+02
      vertex   1.370000e+02 -2.312500e+02 3.033494e+01
      vertex   1.370000e+02 -2.307322e+02 3.073223e+01
    endloop
  endfacet
  facet normal 1.000000e+00 0.000000e+00 0.000000e+00
    outer loop
      vertex   1.370000e+02 -2.312500e+02 1.796651e+02
      vertex   1.370000e+02 -2.307322e+02 3.073223e+01
      vertex   1.370000e+02 -2.307322e+02 1.792678e+02
    endloop
  endfacet
  facet normal 1.000000e+00 0.000000e+00 0.000000e+00
    outer loop
      vertex   1.370000e+02 -2.307322e+02 1.792678e+02
      vertex   1.370000e+02 -2.307322e+02 3.073223e+01
      vertex   1.370000e+02 -2.300000e+02 3.250000e+01
    endloop
  endfacet
  facet normal 1.000000e+00 0.000000e+00 0.000000e+00
    outer loop
      vertex   1.370000e+02 -2.307322e+02 1.792678e+02
      vertex   1.370000e+02 -2.300000e+02 3.250000e+01
      vertex   1.370000e+02 -2.300000e+02 1.775000e+02
    endloop
  endfacet
  facet normal 1.000000e+00 0.000000e+00 0.000000e+00
    outer loop
      vertex   1.370000e+02 -2.307322e+02 3.073223e+01
      vertex   1.370000e+02 -2.303349e+02 3.125000e+01
      vertex   1.370000e+02 -2.300000e+02 3.250000e+01
    endloop
  endfacet
  facet normal 1.000000e+00 0.000000e+00 0.000000e+00
    outer loop
      vertex   1.370000e+02 -2.300000e+02 3.250000e+01
      vertex   1.370000e+02 -2.303349e+02 3.125000e+01
      vertex   1.370000e+02 -2.300852e+02 3.185295e+01
    endloop
  endfacet
  facet normal 1.000000e+00 0.000000e+00 0.000000e+00
    outer loop
      vertex   1.370000e+02 -2.300852e+02 1.781470e+02
      vertex   1.370000e+02 -2.303349e+02 1.787500e+02
      vertex   1.370000e+02 -2.300000e+02 1.775000e+02
    endloop
  endfacet
  facet normal 1.000000e+00 0.000000e+00 0.000000e+00
    outer loop
      vertex   1.370000e+02 -2.300000e+02 1.775000e+02
      vertex   1.370000e+02 -2.303349e+02 1.787500e+02
      vertex   1.370000e+02 -2.307322e+02 1.792678e+02
    endloop
  endfacet
  facet normal 1.000000e+00 0.000000e+00 0.000000e+00
    outer loop
      vertex   1.370000e+02 -2.400000e+02 3.250000e+01
      vertex   1.370000e+02 -2.392678e+02 1.792678e+02
      vertex   1.370000e+02 -2.400000e+02 1.775000e+02
    endloop
  endfacet
  facet normal 1.000000e+00 0.000000e+00 0.000000e+00
    outer loop
      vertex   1.370000e+02 -2.400000e+02 1.775000e+02
      vertex   1.370000e+02 -2.392678e+02 1.792678e+02
      vertex   1.370000e+02 -2.396651e+02 1.787500e+02
    endloop
  endfacet
  facet normal 1.000000e+00 0.000000e+00 0.000000e+00
    outer loop
      vertex   1.370000e+02 -2.400000e+02 1.775000e+02
      vertex   1.370000e+02 -2.396651e+02 1.787500e+02
      vertex   1.370000e+02 -2.399148e+02 1.781470e+02
    endloop
  endfacet
  facet normal -0.000000e+00 9.914449e-01 1.305262e-01
    outer loop
      vertex   1.370000e+02 -2.400000e+02 3.250000e+01
      vertex   1.400000e+02 -2.400000e+02 3.250000e+01
      vertex   1.370000e+02 -2.399148e+02 3.185295e+01
    endloop
  endfacet
  facet normal -0.000000e+00 9.914449e-01 1.305262e-01
    outer loop
      vertex   1.370000e+02 -2.399148e+02 3.185295e+01
      vertex   1.400000e+02 -2.400000e+02 3.250000e+01
      vertex   1.400000e+02 -2.399148e+02 3.185295e+01
    endloop
  endfacet
  facet normal -0.000000e+00 9.238795e-01 3.826834e-01
    outer loop
      vertex   1.370000e+02 -2.399148e+02 3.185295e+01
      vertex   1.400000e+02 -2.399148e+02 3.185295e+01
      vertex   1.370000e+02 -2.396651e+02 3.125000e+01
    endloop
  endfacet
  facet normal -0.000000e+00 9.238795e-01 3.826834e-01
    outer loop
      vertex   1.370000e+02 -2.396651e+02 3.125000e+01
      vertex   1.400000e+02 -2.399148e+02 3.185295e+01
      vertex   1.400000e+02 -2.396651e+02 3.125000e+01
    endloop
  endfacet
  facet normal -0.000000e+00 7.933533e-01 6.087614e-01
    outer loop
      vertex   1.370000e+02 -2.396651e+02 3.125000e+01
      vertex   1.400000e+02 -2.396651e+02 3.125000e+01
      vertex   1.370000e+02 -2.392678e+02 3.073223e+01
    endloop
  endfacet
  facet normal -0.000000e+00 7.933533e-01 6.087614e-01
    outer loop
      vertex   1.370000e+02 -2.392678e+02 3.073223e+01
      vertex   1.400000e+02 -2.396651e+02 3.125000e+01
      vertex   1.400000e+02 -2.392678e+02 3.073223e+01
    endloop
  endfacet
  facet normal -0.000000e+00 6.087614e-01 7.933533e-01
    outer loop
      vertex   1.370000e+02 -2.392678e+02 3.073223e+01
      vertex   1.400000e+02 -2.392678e+02 3.073223e+01
      vertex   1.370000e+02 -2.387500e+02 3.033494e+01
    endloop
  endfacet
  facet normal -0.000000e+00 6.087614e-01 7.933533e-01
    outer loop
      vertex   1.370000e+02 -2.387500e+02 3.033494e+01
      vertex   1.400000e+02 -2.392678e+02 3.073223e+01
      vertex   1.400000e+02 -2.387500e+02 3.033494e+01
    endloop
  endfacet
  facet normal -0.000000e+00 3.826834e-01 9.238795e-01
    outer loop
      vertex   1.370000e+02 -2.387500e+02 3.033494e+01
      vertex   1.400000e+02 -2.387500e+02 3.033494e+01
      vertex   1.370000e+02 -2.381470e+02 3.008519e+01
    endloop
  endfacet
  facet normal -0.000000e+00 3.826834e-01 9.238795e-01
    outer loop
      vertex   1.370000e+02 -2.381470e+02 3.008519e+01
      vertex   1.400000e+02 -2.387500e+02 3.033494e+01
      vertex   1.400000e+02 -2.381470e+02 3.008519e+01
    endloop
  endfacet
  facet normal -0.000000e+00 1.305262e-01 9.914449e-01
    outer loop
      vertex   1.370000e+02 -2.381470e+02 3.008519e+01
      vertex   1.400000e+02 -2.381470e+02 3.008519e+01
      vertex   1.370000e+02 -2.375000e+02 3.000000e+01
    endloop
  endfacet
  facet normal -0.000000e+00 1.305262e-01 9.914449e-01
    outer loop
      vertex   1.370000e+02 -2.375000e+02 3.000000e+01
      vertex   1.400000e+02 -2.381470e+02 3.008519e+01
      vertex   1.400000e+02 -2.375000e+02 3.000000e+01
    endloop
  endfacet
  facet normal 0.000000e+00 1.000000e+00 0.000000e+00
    outer loop
      vertex   1.400000e+02 -2.400000e+02 1.775000e+02
      vertex   1.400000e+02 -2.400000e+02 3.250000e+01
      vertex   1.370000e+02 -2.400000e+02 1.775000e+02
    endloop
  endfacet
  facet normal 0.000000e+00 1.000000e+00 0.000000e+00
    outer loop
      vertex   1.370000e+02 -2.400000e+02 1.775000e+02
      vertex   1.400000e+02 -2.400000e+02 3.250000e+01
      vertex   1.370000e+02 -2.400000e+02 3.250000e+01
    endloop
  endfacet
  facet normal 0.000000e+00 1.305262e-01 -9.914449e-01
    outer loop
      vertex   1.370000e+02 -2.375000e+02 1.800000e+02
      vertex   1.400000e+02 -2.375000e+02 1.800000e+02
      vertex   1.370000e+02 -2.381470e+02 1.799148e+02
    endloop
  endfacet
  facet normal 0.000000e+00 1.305262e-01 -9.914449e-01
    outer loop
      vertex   1.370000e+02 -2.381470e+02 1.799148e+02
      vertex   1.400000e+02 -2.375000e+02 1.800000e+02
      vertex   1.400000e+02 -2.381470e+02 1.799148e+02
    endloop
  endfacet
  facet normal 0.000000e+00 3.826834e-01 -9.238795e-01
    outer loop
      vertex   1.370000e+02 -2.381470e+02 1.799148e+02
      vertex   1.400000e+02 -2.381470e+02 1.799148e+02
      vertex   1.370000e+02 -2.387500e+02 1.796651e+02
    endloop
  endfacet
  facet normal 0.000000e+00 3.826834e-01 -9.238795e-01
    outer loop
      vertex   1.370000e+02 -2.387500e+02 1.796651e+02
      vertex   1.400000e+02 -2.381470e+02 1.799148e+02
      vertex   1.400000e+02 -2.387500e+02 1.796651e+02
    endloop
  endfacet
  facet normal 0.000000e+00 6.087614e-01 -7.933533e-01
    outer loop
      vertex   1.370000e+02 -2.387500e+02 1.796651e+02
      vertex   1.400000e+02 -2.387500e+02 1.796651e+02
      vertex   1.370000e+02 -2.392678e+02 1.792678e+02
    endloop
  endfacet
  facet normal 0.000000e+00 6.087614e-01 -7.933533e-01
    outer loop
      vertex   1.370000e+02 -2.392678e+02 1.792678e+02
      vertex   1.400000e+02 -2.387500e+02 1.796651e+02
      vertex   1.400000e+02 -2.392678e+02 1.792678e+02
    endloop
  endfacet
  facet normal 0.000000e+00 7.933533e-01 -6.087614e-01
    outer loop
      vertex   1.370000e+02 -2.392678e+02 1.792678e+02
      vertex   1.400000e+02 -2.392678e+02 1.792678e+02
      vertex   1.370000e+02 -2.396651e+02 1.787500e+02
    endloop
  endfacet
  facet normal 0.000000e+00 7.933533e-01 -6.087614e-01
    outer loop
      vertex   1.370000e+02 -2.396651e+02 1.787500e+02
      vertex   1.400000e+02 -2.392678e+02 1.792678e+02
      vertex   1.400000e+02 -2.396651e+02 1.787500e+02
    endloop
  endfacet
  facet normal 0.000000e+00 9.238795e-01 -3.826834e-01
    outer loop
      vertex   1.370000e+02 -2.396651e+02 1.787500e+02
      vertex   1.400000e+02 -2.396651e+02 1.787500e+02
      vertex   1.370000e+02 -2.399148e+02 1.781470e+02
    endloop
  endfacet
  facet normal 0.000000e+00 9.238795e-01 -3.826834e-01
    outer loop
      vertex   1.370000e+02 -2.399148e+02 1.781470e+02
      vertex   1.400000e+02 -2.396651e+02 1.787500e+02
      vertex   1.400000e+02 -2.399148e+02 1.781470e+02
    endloop
  endfacet
  facet normal 0.000000e+00 9.914449e-01 -1.305262e-01
    outer loop
      vertex   1.370000e+02 -2.399148e+02 1.781470e+02
      vertex   1.400000e+02 -2.399148e+02 1.781470e+02
      vertex   1.370000e+02 -2.400000e+02 1.775000e+02
    endloop
  endfacet
  facet normal 0.000000e+00 9.914449e-01 -1.305262e-01
    outer loop
      vertex   1.370000e+02 -2.400000e+02 1.775000e+02
      vertex   1.400000e+02 -2.399148e+02 1.781470e+02
      vertex   1.400000e+02 -2.400000e+02 1.775000e+02
    endloop
  endfacet
  facet normal -0.000000e+00 -0.000000e+00 -1.000000e+00
    outer loop
      vertex   1.400000e+02 -2.325000e+02 1.800000e+02
      vertex   1.400000e+02 -2.375000e+02 1.800000e+02
      vertex   1.370000e+02 -2.325000e+02 1.800000e+02
    endloop
  endfacet
  facet normal 0.000000e+00 0.000000e+00 -1.000000e+00
    outer loop
      vertex   1.370000e+02 -2.325000e+02 1.800000e+02
      vertex   1.400000e+02 -2.375000e+02 1.800000e+02
      vertex   1.370000e+02 -2.375000e+02 1.800000e+02
    endloop
  endfacet
  facet normal 0.000000e+00 -9.914449e-01 -1.305262e-01
    outer loop
      vertex   1.370000e+02 -2.300000e+02 1.775000e+02
      vertex   1.400000e+02 -2.300000e+02 1.775000e+02
      vertex   1.370000e+02 -2.300852e+02 1.781470e+02
    endloop
  endfacet
  facet normal 0.000000e+00 -9.914449e-01 -1.305262e-01
    outer loop
      vertex   1.370000e+02 -2.300852e+02 1.781470e+02
      vertex   1.400000e+02 -2.300000e+02 1.775000e+02
      vertex   1.400000e+02 -2.300852e+02 1.781470e+02
    endloop
  endfacet
  facet normal 0.000000e+00 -9.238795e-01 -3.826834e-01
    outer loop
      vertex   1.370000e+02 -2.300852e+02 1.781470e+02
      vertex   1.400000e+02 -2.300852e+02 1.781470e+02
      vertex   1.370000e+02 -2.303349e+02 1.787500e+02
    endloop
  endfacet
  facet normal 0.000000e+00 -9.238795e-01 -3.826834e-01
    outer loop
      vertex   1.370000e+02 -2.303349e+02 1.787500e+02
      vertex   1.400000e+02 -2.300852e+02 1.781470e+02
      vertex   1.400000e+02 -2.303349e+02 1.787500e+02
    endloop
  endfacet
  facet normal 0.000000e+00 -7.933533e-01 -6.087614e-01
    outer loop
      vertex   1.370000e+02 -2.303349e+02 1.787500e+02
      vertex   1.400000e+02 -2.303349e+02 1.787500e+02
      vertex   1.370000e+02 -2.307322e+02 1.792678e+02
    endloop
  endfacet
  facet normal 0.000000e+00 -7.933533e-01 -6.087614e-01
    outer loop
      vertex   1.370000e+02 -2.307322e+02 1.792678e+02
      vertex   1.400000e+02 -2.303349e+02 1.787500e+02
      vertex   1.400000e+02 -2.307322e+02 1.792678e+02
    endloop
  endfacet
  facet normal 0.000000e+00 -6.087614e-01 -7.933533e-01
    outer loop
      vertex   1.370000e+02 -2.307322e+02 1.792678e+02
      vertex   1.400000e+02 -2.307322e+02 1.792678e+02
      vertex   1.370000e+02 -2.312500e+02 1.796651e+02
    endloop
  endfacet
  facet normal 0.000000e+00 -6.087614e-01 -7.933533e-01
    outer loop
      vertex   1.370000e+02 -2.312500e+02 1.796651e+02
      vertex   1.400000e+02 -2.307322e+02 1.792678e+02
      vertex   1.400000e+02 -2.312500e+02 1.796651e+02
    endloop
  endfacet
  facet normal 0.000000e+00 -3.826834e-01 -9.238795e-01
    outer loop
      vertex   1.370000e+02 -2.312500e+02 1.796651e+02
      vertex   1.400000e+02 -2.312500e+02 1.796651e+02
      vertex   1.370000e+02 -2.318530e+02 1.799148e+02
    endloop
  endfacet
  facet normal 0.000000e+00 -3.826834e-01 -9.238795e-01
    outer loop
      vertex   1.370000e+02 -2.318530e+02 1.799148e+02
      vertex   1.400000e+02 -2.312500e+02 1.796651e+02
      vertex   1.400000e+02 -2.318530e+02 1.799148e+02
    endloop
  endfacet
  facet normal 0.000000e+00 -1.305262e-01 -9.914449e-01
    outer loop
      vertex   1.370000e+02 -2.318530e+02 1.799148e+02
      vertex   1.400000e+02 -2.318530e+02 1.799148e+02
      vertex   1.370000e+02 -2.325000e+02 1.800000e+02
    endloop
  endfacet
  facet normal 0.000000e+00 -1.305262e-01 -9.914449e-01
    outer loop
      vertex   1.370000e+02 -2.325000e+02 1.800000e+02
      vertex   1.400000e+02 -2.318530e+02 1.799148e+02
      vertex   1.400000e+02 -2.325000e+02 1.800000e+02
    endloop
  endfacet
  facet normal 0.000000e+00 -1.000000e+00 0.000000e+00
    outer loop
      vertex   1.400000e+02 -2.300000e+02 3.250000e+01
      vertex   1.400000e+02 -2.300000e+02 1.775000e+02
      vertex   1.370000e+02 -2.300000e+02 3.250000e+01
    endloop
  endfacet
  facet normal 0.000000e+00 -1.000000e+00 0.000000e+00
    outer loop
      vertex   1.370000e+02 -2.300000e+02 3.250000e+01
      vertex   1.400000e+02 -2.300000e+02 1.775000e+02
      vertex   1.370000e+02 -2.300000e+02 1.775000e+02
    endloop
  endfacet
  facet normal 0.000000e+00 -1.305262e-01 9.914449e-01
    outer loop
      vertex   1.370000e+02 -2.325000e+02 3.000000e+01
      vertex   1.400000e+02 -2.325000e+02 3.000000e+01
      vertex   1.370000e+02 -2.318530e+02 3.008519e+01
    endloop
  endfacet
  facet normal 0.000000e+00 -1.305262e-01 9.914449e-01
    outer loop
      vertex   1.370000e+02 -2.318530e+02 3.008519e+01
      vertex   1.400000e+02 -2.325000e+02 3.000000e+01
      vertex   1.400000e+02 -2.318530e+02 3.008519e+01
    endloop
  endfacet
  facet normal 0.000000e+00 -3.826834e-01 9.238795e-01
    outer loop
      vertex   1.370000e+02 -2.318530e+02 3.008519e+01
      vertex   1.400000e+02 -2.318530e+02 3.008519e+01
      vertex   1.370000e+02 -2.312500e+02 3.033494e+01
    endloop
  endfacet
  facet normal 0.000000e+00 -3.826834e-01 9.238795e-01
    outer loop
      vertex   1.370000e+02 -2.312500e+02 3.033494e+01
      vertex   1.400000e+02 -2.318530e+02 3.008519e+01
      vertex   1.400000e+02 -2.312500e+02 3.033494e+01
    endloop
  endfacet
  facet normal 0.000000e+00 -6.087614e-01 7.933533e-01
    outer loop
      vertex   1.370000e+02 -2.312500e+02 3.033494e+01
      vertex   1.400000e+02 -2.312500e+02 3.033494e+01
      vertex   1.370000e+02 -2.307322e+02 3.073223e+01
    endloop
  endfacet
  facet normal 0.000000e+00 -6.087614e-01 7.933533e-01
    outer loop
      vertex   1.370000e+02 -2.307322e+02 3.073223e+01
      vertex   1.400000e+02 -2.312500e+02 3.033494e+01
      vertex   1.400000e+02 -2.307322e+02 3.073223e+01
    endloop
  endfacet
  facet normal 0.000000e+00 -7.933533e-01 6.087614e-01
    outer loop
      vertex   1.370000e+02 -2.307322e+02 3.073223e+01
      vertex   1.400000e+02 -2.307322e+02 3.073223e+01
      vertex   1.370000e+02 -2.303349e+02 3.125000e+01
    endloop
  endfacet
  facet normal 0.000000e+00 -7.933533e-01 6.087614e-01
    outer loop
      vertex   1.370000e+02 -2.303349e+02 3.125000e+01
      vertex   1.400000e+02 -2.307322e+02 3.073223e+01
      vertex   1.400000e+02 -2.303349e+02 3.125000e+01
    endloop
  endfacet
  facet normal 0.000000e+00 -9.238795e-01 3.826834e-01
    outer loop
      vertex   1.370000e+02 -2.303349e+02 3.125000e+01
      vertex   1.400000e+02 -2.303349e+02 3.125000e+01
      vertex   1.370000e+02 -2.300852e+02 3.185295e+01
    endloop
  endfacet
  facet normal 0.000000e+00 -9.238795e-01 3.826834e-01
    outer loop
      vertex   1.370000e+02 -2.300852e+02 3.185295e+01
      vertex   1.400000e+02 -2.303349e+02 3.125000e+01
      vertex   1.400000e+02 -2.300852e+02 3.185295e+01
    endloop
  endfacet
  facet normal 0.000000e+00 -9.914449e-01 1.305262e-01
    outer loop
      vertex   1.370000e+02 -2.300852e+02 3.185295e+01
      vertex   1.400000e+02 -2.300852e+02 3.185295e+01
      vertex   1.370000e+02 -2.300000e+02 3.250000e+01
    endloop
  endfacet
  facet normal 0.000000e+00 -9.914449e-01 1.305262e-01
    outer loop
      vertex   1.370000e+02 -2.300000e+02 3.250000e+01
      vertex   1.400000e+02 -2.300852e+02 3.185295e+01
      vertex   1.400000e+02 -2.300000e+02 3.250000e+01
    endloop
  endfacet
  facet normal 0.000000e+00 -0.000000e+00 1.000000e+00
    outer loop
      vertex   1.400000e+02 -2.375000e+02 3.000000e+01
      vertex   1.400000e+02 -2.325000e+02 3.000000e+01
      vertex   1.370000e+02 -2.375000e+02 3.000000e+01
    endloop
  endfacet
  facet normal 0.000000e+00 0.000000e+00 1.000000e+00
    outer loop
      vertex   1.370000e+02 -2.375000e+02 3.000000e+01
      vertex   1.400000e+02 -2.325000e+02 3.000000e+01
      vertex   1.370000e+02 -2.325000e+02 3.000000e+01
    endloop
  endfacet
  facet normal 1.000000e+00 0.000000e+00 0.000000e+00
    outer loop
      vertex   1.370000e+02 -1.720382e+02 3.009370e+01
      vertex   1.370000e+02 -1.725000e+02 1.800000e+02
      vertex   1.370000e+02 -1.727500e+02 3.000000e+01
    endloop
  endfacet
  facet normal 1.000000e+00 0.000000e+00 -0.000000e+00
    outer loop
      vertex   1.370000e+02 -1.727500e+02 3.000000e+01
      vertex   1.370000e+02 -1.725000e+02 1.800000e+02
      vertex   1.370000e+02 -1.775000e+02 1.800000e+02
    endloop
  endfacet
  facet normal 1.000000e+00 0.000000e+00 0.000000e+00
    outer loop
      vertex   1.370000e+02 -1.727500e+02 3.000000e+01
      vertex   1.370000e+02 -1.775000e+02 1.800000e+02
      vertex   1.370000e+02 -1.775000e+02 3.000000e+01
    endloop
  endfacet
  facet normal 1.000000e+00 0.000000e+00 -0.000000e+00
    outer loop
      vertex   1.370000e+02 -1.775000e+02 3.000000e+01
      vertex   1.370000e+02 -1.775000e+02 1.800000e+02
      vertex   1.370000e+02 -1.781470e+02 3.008519e+01
    endloop
  endfacet
  facet normal 1.000000e+00 0.000000e+00 0.000000e+00
    outer loop
      vertex   1.370000e+02 -1.781470e+02 3.008519e+01
      vertex   1.370000e+02 -1.775000e+02 1.800000e+02
      vertex   1.370000e+02 -1.781470e+02 1.799148e+02
    endloop
  endfacet
  facet normal 1.000000e+00 0.000000e+00 -0.000000e+00
    outer loop
      vertex   1.370000e+02 -1.781470e+02 3.008519e+01
      vertex   1.370000e+02 -1.781470e+02 1.799148e+02
      vertex   1.370000e+02 -1.787500e+02 3.033494e+01
    endloop
  endfacet
  facet normal 1.000000e+00 0.000000e+00 0.000000e+00
    outer loop
      vertex   1.370000e+02 -1.787500e+02 3.033494e+01
      vertex   1.370000e+02 -1.781470e+02 1.799148e+02
      vertex   1.370000e+02 -1.787500e+02 1.796651e+02
    endloop
  endfacet
  facet normal 1.000000e+00 0.000000e+00 -0.000000e+00
    outer loop
      vertex   1.370000e+02 -1.787500e+02 3.033494e+01
      vertex   1.370000e+02 -1.787500e+02 1.796651e+02
      vertex   1.370000e+02 -1.792678e+02 3.073223e+01
    endloop
  endfacet
  facet normal 1.000000e+00 0.000000e+00 0.000000e+00
    outer loop
      vertex   1.370000e+02 -1.792678e+02 3.073223e+01
      vertex   1.370000e+02 -1.787500e+02 1.796651e+02
      vertex   1.370000e+02 -1.792678e+02 1.792678e+02
    endloop
  endfacet
  facet normal 1.000000e+00 0.000000e+00 -0.000000e+00
    outer loop
      vertex   1.370000e+02 -1.792678e+02 3.073223e+01
      vertex   1.370000e+02 -1.792678e+02 1.792678e+02
      vertex   1.370000e+02 -1.800000e+02 3.250000e+01
    endloop
  endfacet
  facet normal 1.000000e+00 0.000000e+00 0.000000e+00
    outer loop
      vertex   1.370000e+02 -1.800000e+02 3.250000e+01
      vertex   1.370000e+02 -1.792678e+02 1.792678e+02
      vertex   1.370000e+02 -1.800000e+02 1.775000e+02
    endloop
  endfacet
  facet normal 1.000000e+00 0.000000e+00 0.000000e+00
    outer loop
      vertex   1.370000e+02 -1.800000e+02 1.775000e+02
      vertex   1.370000e+02 -1.792678e+02 1.792678e+02
      vertex   1.370000e+02 -1.796651e+02 1.787500e+02
    endloop
  endfacet
  facet normal 1.000000e+00 0.000000e+00 0.000000e+00
    outer loop
      vertex   1.370000e+02 -1.800000e+02 1.775000e+02
      vertex   1.370000e+02 -1.796651e+02 1.787500e+02
      vertex   1.370000e+02 -1.799148e+02 1.781470e+02
    endloop
  endfacet
  facet normal 1.000000e+00 0.000000e+00 0.000000e+00
    outer loop
      vertex   1.370000e+02 -1.725000e+02 1.800000e+02
      vertex   1.370000e+02 -1.720382e+02 3.009370e+01
      vertex   1.370000e+02 -1.718530e+02 1.799148e+02
    endloop
  endfacet
  facet normal 1.000000e+00 0.000000e+00 0.000000e+00
    outer loop
      vertex   1.370000e+02 -1.718530e+02 1.799148e+02
      vertex   1.370000e+02 -1.720382e+02 3.009370e+01
      vertex   1.370000e+02 -1.713750e+02 3.036843e+01
    endloop
  endfacet
  facet normal 1.000000e+00 0.000000e+00 0.000000e+00
    outer loop
      vertex   1.370000e+02 -1.718530e+02 1.799148e+02
      vertex   1.370000e+02 -1.713750e+02 3.036843e+01
      vertex   1.370000e+02 -1.712500e+02 1.796651e+02
    endloop
  endfacet
  facet normal 1.000000e+00 0.000000e+00 0.000000e+00
    outer loop
      vertex   1.370000e+02 -1.712500e+02 1.796651e+02
      vertex   1.370000e+02 -1.713750e+02 3.036843e+01
      vertex   1.370000e+02 -1.708055e+02 3.080546e+01
    endloop
  endfacet
  facet normal 1.000000e+00 0.000000e+00 0.000000e+00
    outer loop
      vertex   1.370000e+02 -1.712500e+02 1.796651e+02
      vertex   1.370000e+02 -1.708055e+02 3.080546e+01
      vertex   1.370000e+02 -1.707322e+02 1.792678e+02
    endloop
  endfacet
  facet normal 1.000000e+00 0.000000e+00 0.000000e+00
    outer loop
      vertex   1.370000e+02 -1.707322e+02 1.792678e+02
      vertex   1.370000e+02 -1.708055e+02 3.080546e+01
      vertex   1.370000e+02 -1.700000e+02 3.275000e+01
    endloop
  endfacet
  facet normal 1.000000e+00 0.000000e+00 0.000000e+00
    outer loop
      vertex   1.370000e+02 -1.707322e+02 1.792678e+02
      vertex   1.370000e+02 -1.700000e+02 3.275000e+01
      vertex   1.370000e+02 -1.700000e+02 1.775000e+02
    endloop
  endfacet
  facet normal 1.000000e+00 0.000000e+00 0.000000e+00
    outer loop
      vertex   1.370000e+02 -1.708055e+02 3.080546e+01
      vertex   1.370000e+02 -1.703684e+02 3.137500e+01
      vertex   1.370000e+02 -1.700000e+02 3.275000e+01
    endloop
  endfacet
  facet normal 1.000000e+00 0.000000e+00 0.000000e+00
    outer loop
      vertex   1.370000e+02 -1.700000e+02 3.275000e+01
      vertex   1.370000e+02 -1.703684e+02 3.137500e+01
      vertex   1.370000e+02 -1.700937e+02 3.203825e+01
    endloop
  endfacet
  facet normal 1.000000e+00 0.000000e+00 0.000000e+00
    outer loop
      vertex   1.370000e+02 -1.700852e+02 1.781470e+02
      vertex   1.370000e+02 -1.703349e+02 1.787500e+02
      vertex   1.370000e+02 -1.700000e+02 1.775000e+02
    endloop
  endfacet
  facet normal 1.000000e+00 0.000000e+00 0.000000e+00
    outer loop
      vertex   1.370000e+02 -1.700000e+02 1.775000e+02
      vertex   1.370000e+02 -1.703349e+02 1.787500e+02
      vertex   1.370000e+02 -1.707322e+02 1.792678e+02
    endloop
  endfacet
  facet normal 1.000000e+00 -0.000000e+00 -0.000000e+00
    outer loop
      vertex   1.370000e+02 -1.799148e+02 3.185295e+01
      vertex   1.370000e+02 -1.796651e+02 3.125000e+01
      vertex   1.370000e+02 -1.800000e+02 3.250000e+01
    endloop
  endfacet
  facet normal 1.000000e+00 0.000000e+00 0.000000e+00
    outer loop
      vertex   1.370000e+02 -1.800000e+02 3.250000e+01
      vertex   1.370000e+02 -1.796651e+02 3.125000e+01
      vertex   1.370000e+02 -1.792678e+02 3.073223e+01
    endloop
  endfacet
  facet normal 0.000000e+00 1.305262e-01 -9.914449e-01
    outer loop
      vertex   1.370000e+02 -1.775000e+02 1.800000e+02
      vertex   1.400000e+02 -1.775000e+02 1.800000e+02
      vertex   1.370000e+02 -1.781470e+02 1.799148e+02
    endloop
  endfacet
  facet normal 0.000000e+00 1.305262e-01 -9.914449e-01
    outer loop
      vertex   1.370000e+02 -1.781470e+02 1.799148e+02
      vertex   1.400000e+02 -1.775000e+02 1.800000e+02
      vertex   1.400000e+02 -1.781470e+02 1.799148e+02
    endloop
  endfacet
  facet normal 0.000000e+00 3.826834e-01 -9.238795e-01
    outer loop
      vertex   1.370000e+02 -1.781470e+02 1.799148e+02
      vertex   1.400000e+02 -1.781470e+02 1.799148e+02
      vertex   1.370000e+02 -1.787500e+02 1.796651e+02
    endloop
  endfacet
  facet normal 0.000000e+00 3.826834e-01 -9.238795e-01
    outer loop
      vertex   1.370000e+02 -1.787500e+02 1.796651e+02
      vertex   1.400000e+02 -1.781470e+02 1.799148e+02
      vertex   1.400000e+02 -1.787500e+02 1.796651e+02
    endloop
  endfacet
  facet normal 0.000000e+00 6.087614e-01 -7.933533e-01
    outer loop
      vertex   1.370000e+02 -1.787500e+02 1.796651e+02
      vertex   1.400000e+02 -1.787500e+02 1.796651e+02
      vertex   1.370000e+02 -1.792678e+02 1.792678e+02
    endloop
  endfacet
  facet normal 0.000000e+00 6.087614e-01 -7.933533e-01
    outer loop
      vertex   1.370000e+02 -1.792678e+02 1.792678e+02
      vertex   1.400000e+02 -1.787500e+02 1.796651e+02
      vertex   1.400000e+02 -1.792678e+02 1.792678e+02
    endloop
  endfacet
  facet normal 0.000000e+00 7.933533e-01 -6.087614e-01
    outer loop
      vertex   1.370000e+02 -1.792678e+02 1.792678e+02
      vertex   1.400000e+02 -1.792678e+02 1.792678e+02
      vertex   1.370000e+02 -1.796651e+02 1.787500e+02
    endloop
  endfacet
  facet normal 0.000000e+00 7.933533e-01 -6.087614e-01
    outer loop
      vertex   1.370000e+02 -1.796651e+02 1.787500e+02
      vertex   1.400000e+02 -1.792678e+02 1.792678e+02
      vertex   1.400000e+02 -1.796651e+02 1.787500e+02
    endloop
  endfacet
  facet normal 0.000000e+00 9.238795e-01 -3.826834e-01
    outer loop
      vertex   1.370000e+02 -1.796651e+02 1.787500e+02
      vertex   1.400000e+02 -1.796651e+02 1.787500e+02
      vertex   1.370000e+02 -1.799148e+02 1.781470e+02
    endloop
  endfacet
  facet normal 0.000000e+00 9.238795e-01 -3.826834e-01
    outer loop
      vertex   1.370000e+02 -1.799148e+02 1.781470e+02
      vertex   1.400000e+02 -1.796651e+02 1.787500e+02
      vertex   1.400000e+02 -1.799148e+02 1.781470e+02
    endloop
  endfacet
  facet normal 0.000000e+00 9.914449e-01 -1.305262e-01
    outer loop
      vertex   1.370000e+02 -1.799148e+02 1.781470e+02
      vertex   1.400000e+02 -1.799148e+02 1.781470e+02
      vertex   1.370000e+02 -1.800000e+02 1.775000e+02
    endloop
  endfacet
  facet normal 0.000000e+00 9.914449e-01 -1.305262e-01
    outer loop
      vertex   1.370000e+02 -1.800000e+02 1.775000e+02
      vertex   1.400000e+02 -1.799148e+02 1.781470e+02
      vertex   1.400000e+02 -1.800000e+02 1.775000e+02
    endloop
  endfacet
  facet normal -0.000000e+00 -0.000000e+00 -1.000000e+00
    outer loop
      vertex   1.400000e+02 -1.725000e+02 1.800000e+02
      vertex   1.400000e+02 -1.775000e+02 1.800000e+02
      vertex   1.370000e+02 -1.725000e+02 1.800000e+02
    endloop
  endfacet
  facet normal 0.000000e+00 0.000000e+00 -1.000000e+00
    outer loop
      vertex   1.370000e+02 -1.725000e+02 1.800000e+02
      vertex   1.400000e+02 -1.775000e+02 1.800000e+02
      vertex   1.370000e+02 -1.775000e+02 1.800000e+02
    endloop
  endfacet
  facet normal 0.000000e+00 -9.914449e-01 -1.305262e-01
    outer loop
      vertex   1.370000e+02 -1.700000e+02 1.775000e+02
      vertex   1.400000e+02 -1.700000e+02 1.775000e+02
      vertex   1.370000e+02 -1.700852e+02 1.781470e+02
    endloop
  endfacet
  facet normal 0.000000e+00 -9.914449e-01 -1.305262e-01
    outer loop
      vertex   1.370000e+02 -1.700852e+02 1.781470e+02
      vertex   1.400000e+02 -1.700000e+02 1.775000e+02
      vertex   1.400000e+02 -1.700852e+02 1.781470e+02
    endloop
  endfacet
  facet normal 0.000000e+00 -9.238795e-01 -3.826834e-01
    outer loop
      vertex   1.370000e+02 -1.700852e+02 1.781470e+02
      vertex   1.400000e+02 -1.700852e+02 1.781470e+02
      vertex   1.370000e+02 -1.703349e+02 1.787500e+02
    endloop
  endfacet
  facet normal 0.000000e+00 -9.238795e-01 -3.826834e-01
    outer loop
      vertex   1.370000e+02 -1.703349e+02 1.787500e+02
      vertex   1.400000e+02 -1.700852e+02 1.781470e+02
      vertex   1.400000e+02 -1.703349e+02 1.787500e+02
    endloop
  endfacet
  facet normal 0.000000e+00 -7.933533e-01 -6.087614e-01
    outer loop
      vertex   1.370000e+02 -1.703349e+02 1.787500e+02
      vertex   1.400000e+02 -1.703349e+02 1.787500e+02
      vertex   1.370000e+02 -1.707322e+02 1.792678e+02
    endloop
  endfacet
  facet normal 0.000000e+00 -7.933533e-01 -6.087614e-01
    outer loop
      vertex   1.370000e+02 -1.707322e+02 1.792678e+02
      vertex   1.400000e+02 -1.703349e+02 1.787500e+02
      vertex   1.400000e+02 -1.707322e+02 1.792678e+02
    endloop
  endfacet
  facet normal 0.000000e+00 -6.087614e-01 -7.933533e-01
    outer loop
      vertex   1.370000e+02 -1.707322e+02 1.792678e+02
      vertex   1.400000e+02 -1.707322e+02 1.792678e+02
      vertex   1.370000e+02 -1.712500e+02 1.796651e+02
    endloop
  endfacet
  facet normal 0.000000e+00 -6.087614e-01 -7.933533e-01
    outer loop
      vertex   1.370000e+02 -1.712500e+02 1.796651e+02
      vertex   1.400000e+02 -1.707322e+02 1.792678e+02
      vertex   1.400000e+02 -1.712500e+02 1.796651e+02
    endloop
  endfacet
  facet normal 0.000000e+00 -3.826834e-01 -9.238795e-01
    outer loop
      vertex   1.370000e+02 -1.712500e+02 1.796651e+02
      vertex   1.400000e+02 -1.712500e+02 1.796651e+02
      vertex   1.370000e+02 -1.718530e+02 1.799148e+02
    endloop
  endfacet
  facet normal 0.000000e+00 -3.826834e-01 -9.238795e-01
    outer loop
      vertex   1.370000e+02 -1.718530e+02 1.799148e+02
      vertex   1.400000e+02 -1.712500e+02 1.796651e+02
      vertex   1.400000e+02 -1.718530e+02 1.799148e+02
    endloop
  endfacet
  facet normal 0.000000e+00 -1.305262e-01 -9.914449e-01
    outer loop
      vertex   1.370000e+02 -1.718530e+02 1.799148e+02
      vertex   1.400000e+02 -1.718530e+02 1.799148e+02
      vertex   1.370000e+02 -1.725000e+02 1.800000e+02
    endloop
  endfacet
  facet normal 0.000000e+00 -1.305262e-01 -9.914449e-01
    outer loop
      vertex   1.370000e+02 -1.725000e+02 1.800000e+02
      vertex   1.400000e+02 -1.718530e+02 1.799148e+02
      vertex   1.400000e+02 -1.725000e+02 1.800000e+02
    endloop
  endfacet
  facet normal -0.000000e+00 0.000000e+00 1.000000e+00
    outer loop
      vertex   1.370000e+02 -1.727500e+02 3.000000e+01
      vertex   1.370000e+02 -1.775000e+02 3.000000e+01
      vertex   1.400000e+02 -1.727500e+02 3.000000e+01
    endloop
  endfacet
  facet normal -2.368476e-15 1.495879e-15 1.000000e+00
    outer loop
      vertex   1.400000e+02 -1.727500e+02 3.000000e+01
      vertex   1.370000e+02 -1.775000e+02 3.000000e+01
      vertex   1.400000e+02 -1.775000e+02 3.000000e+01
    endloop
  endfacet
  facet normal -0.000000e+00 9.914449e-01 1.305262e-01
    outer loop
      vertex   1.370000e+02 -1.800000e+02 3.250000e+01
      vertex   1.400000e+02 -1.800000e+02 3.250000e+01
      vertex   1.370000e+02 -1.799148e+02 3.185295e+01
    endloop
  endfacet
  facet normal -0.000000e+00 9.914449e-01 1.305262e-01
    outer loop
      vertex   1.370000e+02 -1.799148e+02 3.185295e+01
      vertex   1.400000e+02 -1.800000e+02 3.250000e+01
      vertex   1.400000e+02 -1.799148e+02 3.185295e+01
    endloop
  endfacet
  facet normal -0.000000e+00 9.238795e-01 3.826834e-01
    outer loop
      vertex   1.370000e+02 -1.799148e+02 3.185295e+01
      vertex   1.400000e+02 -1.799148e+02 3.185295e+01
      vertex   1.370000e+02 -1.796651e+02 3.125000e+01
    endloop
  endfacet
  facet normal -0.000000e+00 9.238795e-01 3.826834e-01
    outer loop
      vertex   1.370000e+02 -1.796651e+02 3.125000e+01
      vertex   1.400000e+02 -1.799148e+02 3.185295e+01
      vertex   1.400000e+02 -1.796651e+02 3.125000e+01
    endloop
  endfacet
  facet normal -0.000000e+00 7.933533e-01 6.087614e-01
    outer loop
      vertex   1.370000e+02 -1.796651e+02 3.125000e+01
      vertex   1.400000e+02 -1.796651e+02 3.125000e+01
      vertex   1.370000e+02 -1.792678e+02 3.073223e+01
    endloop
  endfacet
  facet normal -0.000000e+00 7.933533e-01 6.087614e-01
    outer loop
      vertex   1.370000e+02 -1.792678e+02 3.073223e+01
      vertex   1.400000e+02 -1.796651e+02 3.125000e+01
      vertex   1.400000e+02 -1.792678e+02 3.073223e+01
    endloop
  endfacet
  facet normal -0.000000e+00 6.087614e-01 7.933533e-01
    outer loop
      vertex   1.370000e+02 -1.792678e+02 3.073223e+01
      vertex   1.400000e+02 -1.792678e+02 3.073223e+01
      vertex   1.370000e+02 -1.787500e+02 3.033494e+01
    endloop
  endfacet
  facet normal -0.000000e+00 6.087614e-01 7.933533e-01
    outer loop
      vertex   1.370000e+02 -1.787500e+02 3.033494e+01
      vertex   1.400000e+02 -1.792678e+02 3.073223e+01
      vertex   1.400000e+02 -1.787500e+02 3.033494e+01
    endloop
  endfacet
  facet normal -0.000000e+00 3.826834e-01 9.238795e-01
    outer loop
      vertex   1.370000e+02 -1.787500e+02 3.033494e+01
      vertex   1.400000e+02 -1.787500e+02 3.033494e+01
      vertex   1.370000e+02 -1.781470e+02 3.008519e+01
    endloop
  endfacet
  facet normal -0.000000e+00 3.826834e-01 9.238795e-01
    outer loop
      vertex   1.370000e+02 -1.781470e+02 3.008519e+01
      vertex   1.400000e+02 -1.787500e+02 3.033494e+01
      vertex   1.400000e+02 -1.781470e+02 3.008519e+01
    endloop
  endfacet
  facet normal -0.000000e+00 1.305262e-01 9.914449e-01
    outer loop
      vertex   1.370000e+02 -1.781470e+02 3.008519e+01
      vertex   1.400000e+02 -1.781470e+02 3.008519e+01
      vertex   1.370000e+02 -1.775000e+02 3.000000e+01
    endloop
  endfacet
  facet normal -2.348213e-15 1.305262e-01 9.914449e-01
    outer loop
      vertex   1.370000e+02 -1.775000e+02 3.000000e+01
      vertex   1.400000e+02 -1.781470e+02 3.008519e+01
      vertex   1.400000e+02 -1.775000e+02 3.000000e+01
    endloop
  endfacet
  facet normal 0.000000e+00 1.000000e+00 0.000000e+00
    outer loop
      vertex   1.400000e+02 -1.800000e+02 1.775000e+02
      vertex   1.400000e+02 -1.800000e+02 3.250000e+01
      vertex   1.370000e+02 -1.800000e+02 1.775000e+02
    endloop
  endfacet
  facet normal 0.000000e+00 1.000000e+00 0.000000e+00
    outer loop
      vertex   1.370000e+02 -1.800000e+02 1.775000e+02
      vertex   1.400000e+02 -1.800000e+02 3.250000e+01
      vertex   1.370000e+02 -1.800000e+02 3.250000e+01
    endloop
  endfacet
  facet normal 1.000000e+00 -0.000000e+00 -0.000000e+00
    outer loop
      vertex   1.370000e+02 -2.199148e+02 3.185295e+01
      vertex   1.370000e+02 -2.196651e+02 3.125000e+01
      vertex   1.370000e+02 -2.200000e+02 3.250000e+01
    endloop
  endfacet
  facet normal 1.000000e+00 0.000000e+00 0.000000e+00
    outer loop
      vertex   1.370000e+02 -2.200000e+02 3.250000e+01
      vertex   1.370000e+02 -2.196651e+02 3.125000e+01
      vertex   1.370000e+02 -2.192678e+02 3.073223e+01
    endloop
  endfacet
  facet normal 1.000000e+00 -0.000000e+00 0.000000e+00
    outer loop
      vertex   1.370000e+02 -2.200000e+02 3.250000e+01
      vertex   1.370000e+02 -2.192678e+02 3.073223e+01
      vertex   1.370000e+02 -2.192678e+02 1.792678e+02
    endloop
  endfacet
  facet normal 1.000000e+00 -0.000000e+00 0.000000e+00
    outer loop
      vertex   1.370000e+02 -2.192678e+02 1.792678e+02
      vertex   1.370000e+02 -2.192678e+02 3.073223e+01
      vertex   1.370000e+02 -2.187500e+02 1.796651e+02
    endloop
  endfacet
  facet normal 1.000000e+00 0.000000e+00 0.000000e+00
    outer loop
      vertex   1.370000e+02 -2.187500e+02 1.796651e+02
      vertex   1.370000e+02 -2.192678e+02 3.073223e+01
      vertex   1.370000e+02 -2.187500e+02 3.033494e+01
    endloop
  endfacet
  facet normal 1.000000e+00 -0.000000e+00 0.000000e+00
    outer loop
      vertex   1.370000e+02 -2.187500e+02 1.796651e+02
      vertex   1.370000e+02 -2.187500e+02 3.033494e+01
      vertex   1.370000e+02 -2.181470e+02 1.799148e+02
    endloop
  endfacet
  facet normal 1.000000e+00 0.000000e+00 0.000000e+00
    outer loop
      vertex   1.370000e+02 -2.181470e+02 1.799148e+02
      vertex   1.370000e+02 -2.187500e+02 3.033494e+01
      vertex   1.370000e+02 -2.181470e+02 3.008519e+01
    endloop
  endfacet
  facet normal 1.000000e+00 -0.000000e+00 0.000000e+00
    outer loop
      vertex   1.370000e+02 -2.181470e+02 1.799148e+02
      vertex   1.370000e+02 -2.181470e+02 3.008519e+01
      vertex   1.370000e+02 -2.175000e+02 1.800000e+02
    endloop
  endfacet
  facet normal 1.000000e+00 0.000000e+00 0.000000e+00
    outer loop
      vertex   1.370000e+02 -2.175000e+02 1.800000e+02
      vertex   1.370000e+02 -2.181470e+02 3.008519e+01
      vertex   1.370000e+02 -2.175000e+02 3.000000e+01
    endloop
  endfacet
  facet normal 1.000000e+00 0.000000e+00 0.000000e+00
    outer loop
      vertex   1.370000e+02 -2.175000e+02 1.800000e+02
      vertex   1.370000e+02 -2.175000e+02 3.000000e+01
      vertex   1.370000e+02 -2.125000e+02 3.000000e+01
    endloop
  endfacet
  facet normal 1.000000e+00 -0.000000e+00 0.000000e+00
    outer loop
      vertex   1.370000e+02 -2.175000e+02 1.800000e+02
      vertex   1.370000e+02 -2.125000e+02 3.000000e+01
      vertex   1.370000e+02 -2.125000e+02 1.800000e+02
    endloop
  endfacet
  facet normal 1.000000e+00 0.000000e+00 0.000000e+00
    outer loop
      vertex   1.370000e+02 -2.125000e+02 1.800000e+02
      vertex   1.370000e+02 -2.125000e+02 3.000000e+01
      vertex   1.370000e+02 -2.118530e+02 3.008519e+01
    endloop
  endfacet
  facet normal 1.000000e+00 0.000000e+00 0.000000e+00
    outer loop
      vertex   1.370000e+02 -2.125000e+02 1.800000e+02
      vertex   1.370000e+02 -2.118530e+02 3.008519e+01
      vertex   1.370000e+02 -2.118530e+02 1.799148e+02
    endloop
  endfacet
  facet normal 1.000000e+00 0.000000e+00 0.000000e+00
    outer loop
      vertex   1.370000e+02 -2.118530e+02 1.799148e+02
      vertex   1.370000e+02 -2.118530e+02 3.008519e+01
      vertex   1.370000e+02 -2.112500e+02 3.033494e+01
    endloop
  endfacet
  facet normal 1.000000e+00 0.000000e+00 0.000000e+00
    outer loop
      vertex   1.370000e+02 -2.118530e+02 1.799148e+02
      vertex   1.370000e+02 -2.112500e+02 3.033494e+01
      vertex   1.370000e+02 -2.112500e+02 1.796651e+02
    endloop
  endfacet
  facet normal 1.000000e+00 0.000000e+00 0.000000e+00
    outer loop
      vertex   1.370000e+02 -2.112500e+02 1.796651e+02
      vertex   1.370000e+02 -2.112500e+02 3.033494e+01
      vertex   1.370000e+02 -2.107322e+02 3.073223e+01
    endloop
  endfacet
  facet normal 1.000000e+00 0.000000e+00 0.000000e+00
    outer loop
      vertex   1.370000e+02 -2.112500e+02 1.796651e+02
      vertex   1.370000e+02 -2.107322e+02 3.073223e+01
      vertex   1.370000e+02 -2.107322e+02 1.792678e+02
    endloop
  endfacet
  facet normal 1.000000e+00 0.000000e+00 0.000000e+00
    outer loop
      vertex   1.370000e+02 -2.107322e+02 1.792678e+02
      vertex   1.370000e+02 -2.107322e+02 3.073223e+01
      vertex   1.370000e+02 -2.100000e+02 3.250000e+01
    endloop
  endfacet
  facet normal 1.000000e+00 0.000000e+00 0.000000e+00
    outer loop
      vertex   1.370000e+02 -2.107322e+02 1.792678e+02
      vertex   1.370000e+02 -2.100000e+02 3.250000e+01
      vertex   1.370000e+02 -2.100000e+02 1.775000e+02
    endloop
  endfacet
  facet normal 1.000000e+00 0.000000e+00 0.000000e+00
    outer loop
      vertex   1.370000e+02 -2.107322e+02 3.073223e+01
      vertex   1.370000e+02 -2.103349e+02 3.125000e+01
      vertex   1.370000e+02 -2.100000e+02 3.250000e+01
    endloop
  endfacet
  facet normal 1.000000e+00 0.000000e+00 0.000000e+00
    outer loop
      vertex   1.370000e+02 -2.100000e+02 3.250000e+01
      vertex   1.370000e+02 -2.103349e+02 3.125000e+01
      vertex   1.370000e+02 -2.100852e+02 3.185295e+01
    endloop
  endfacet
  facet normal 1.000000e+00 0.000000e+00 0.000000e+00
    outer loop
      vertex   1.370000e+02 -2.100852e+02 1.781470e+02
      vertex   1.370000e+02 -2.103349e+02 1.787500e+02
      vertex   1.370000e+02 -2.100000e+02 1.775000e+02
    endloop
  endfacet
  facet normal 1.000000e+00 0.000000e+00 0.000000e+00
    outer loop
      vertex   1.370000e+02 -2.100000e+02 1.775000e+02
      vertex   1.370000e+02 -2.103349e+02 1.787500e+02
      vertex   1.370000e+02 -2.107322e+02 1.792678e+02
    endloop
  endfacet
  facet normal 1.000000e+00 0.000000e+00 0.000000e+00
    outer loop
      vertex   1.370000e+02 -2.200000e+02 3.250000e+01
      vertex   1.370000e+02 -2.192678e+02 1.792678e+02
      vertex   1.370000e+02 -2.200000e+02 1.775000e+02
    endloop
  endfacet
  facet normal 1.000000e+00 0.000000e+00 0.000000e+00
    outer loop
      vertex   1.370000e+02 -2.200000e+02 1.775000e+02
      vertex   1.370000e+02 -2.192678e+02 1.792678e+02
      vertex   1.370000e+02 -2.196651e+02 1.787500e+02
    endloop
  endfacet
  facet normal 1.000000e+00 0.000000e+00 0.000000e+00
    outer loop
      vertex   1.370000e+02 -2.200000e+02 1.775000e+02
      vertex   1.370000e+02 -2.196651e+02 1.787500e+02
      vertex   1.370000e+02 -2.199148e+02 1.781470e+02
    endloop
  endfacet
  facet normal -0.000000e+00 9.914449e-01 1.305262e-01
    outer loop
      vertex   1.370000e+02 -2.200000e+02 3.250000e+01
      vertex   1.400000e+02 -2.200000e+02 3.250000e+01
      vertex   1.370000e+02 -2.199148e+02 3.185295e+01
    endloop
  endfacet
  facet normal -0.000000e+00 9.914449e-01 1.305262e-01
    outer loop
      vertex   1.370000e+02 -2.199148e+02 3.185295e+01
      vertex   1.400000e+02 -2.200000e+02 3.250000e+01
      vertex   1.400000e+02 -2.199148e+02 3.185295e+01
    endloop
  endfacet
  facet normal -0.000000e+00 9.238795e-01 3.826834e-01
    outer loop
      vertex   1.370000e+02 -2.199148e+02 3.185295e+01
      vertex   1.400000e+02 -2.199148e+02 3.185295e+01
      vertex   1.370000e+02 -2.196651e+02 3.125000e+01
    endloop
  endfacet
  facet normal -0.000000e+00 9.238795e-01 3.826834e-01
    outer loop
      vertex   1.370000e+02 -2.196651e+02 3.125000e+01
      vertex   1.400000e+02 -2.199148e+02 3.185295e+01
      vertex   1.400000e+02 -2.196651e+02 3.125000e+01
    endloop
  endfacet
  facet normal -0.000000e+00 7.933533e-01 6.087614e-01
    outer loop
      vertex   1.370000e+02 -2.196651e+02 3.125000e+01
      vertex   1.400000e+02 -2.196651e+02 3.125000e+01
      vertex   1.370000e+02 -2.192678e+02 3.073223e+01
    endloop
  endfacet
  facet normal -0.000000e+00 7.933533e-01 6.087614e-01
    outer loop
      vertex   1.370000e+02 -2.192678e+02 3.073223e+01
      vertex   1.400000e+02 -2.196651e+02 3.125000e+01
      vertex   1.400000e+02 -2.192678e+02 3.073223e+01
    endloop
  endfacet
  facet normal -0.000000e+00 6.087614e-01 7.933533e-01
    outer loop
      vertex   1.370000e+02 -2.192678e+02 3.073223e+01
      vertex   1.400000e+02 -2.192678e+02 3.073223e+01
      vertex   1.370000e+02 -2.187500e+02 3.033494e+01
    endloop
  endfacet
  facet normal -0.000000e+00 6.087614e-01 7.933533e-01
    outer loop
      vertex   1.370000e+02 -2.187500e+02 3.033494e+01
      vertex   1.400000e+02 -2.192678e+02 3.073223e+01
      vertex   1.400000e+02 -2.187500e+02 3.033494e+01
    endloop
  endfacet
  facet normal -0.000000e+00 3.826834e-01 9.238795e-01
    outer loop
      vertex   1.370000e+02 -2.187500e+02 3.033494e+01
      vertex   1.400000e+02 -2.187500e+02 3.033494e+01
      vertex   1.370000e+02 -2.181470e+02 3.008519e+01
    endloop
  endfacet
  facet normal -0.000000e+00 3.826834e-01 9.238795e-01
    outer loop
      vertex   1.370000e+02 -2.181470e+02 3.008519e+01
      vertex   1.400000e+02 -2.187500e+02 3.033494e+01
      vertex   1.400000e+02 -2.181470e+02 3.008519e+01
    endloop
  endfacet
  facet normal -0.000000e+00 1.305262e-01 9.914449e-01
    outer loop
      vertex   1.370000e+02 -2.181470e+02 3.008519e+01
      vertex   1.400000e+02 -2.181470e+02 3.008519e+01
      vertex   1.370000e+02 -2.175000e+02 3.000000e+01
    endloop
  endfacet
  facet normal -0.000000e+00 1.305262e-01 9.914449e-01
    outer loop
      vertex   1.370000e+02 -2.175000e+02 3.000000e+01
      vertex   1.400000e+02 -2.181470e+02 3.008519e+01
      vertex   1.400000e+02 -2.175000e+02 3.000000e+01
    endloop
  endfacet
  facet normal 0.000000e+00 1.000000e+00 0.000000e+00
    outer loop
      vertex   1.400000e+02 -2.200000e+02 1.775000e+02
      vertex   1.400000e+02 -2.200000e+02 3.250000e+01
      vertex   1.370000e+02 -2.200000e+02 1.775000e+02
    endloop
  endfacet
  facet normal 0.000000e+00 1.000000e+00 0.000000e+00
    outer loop
      vertex   1.370000e+02 -2.200000e+02 1.775000e+02
      vertex   1.400000e+02 -2.200000e+02 3.250000e+01
      vertex   1.370000e+02 -2.200000e+02 3.250000e+01
    endloop
  endfacet
  facet normal 0.000000e+00 1.305262e-01 -9.914449e-01
    outer loop
      vertex   1.370000e+02 -2.175000e+02 1.800000e+02
      vertex   1.400000e+02 -2.175000e+02 1.800000e+02
      vertex   1.370000e+02 -2.181470e+02 1.799148e+02
    endloop
  endfacet
  facet normal 0.000000e+00 1.305262e-01 -9.914449e-01
    outer loop
      vertex   1.370000e+02 -2.181470e+02 1.799148e+02
      vertex   1.400000e+02 -2.175000e+02 1.800000e+02
      vertex   1.400000e+02 -2.181470e+02 1.799148e+02
    endloop
  endfacet
  facet normal 0.000000e+00 3.826834e-01 -9.238795e-01
    outer loop
      vertex   1.370000e+02 -2.181470e+02 1.799148e+02
      vertex   1.400000e+02 -2.181470e+02 1.799148e+02
      vertex   1.370000e+02 -2.187500e+02 1.796651e+02
    endloop
  endfacet
  facet normal 0.000000e+00 3.826834e-01 -9.238795e-01
    outer loop
      vertex   1.370000e+02 -2.187500e+02 1.796651e+02
      vertex   1.400000e+02 -2.181470e+02 1.799148e+02
      vertex   1.400000e+02 -2.187500e+02 1.796651e+02
    endloop
  endfacet
  facet normal 0.000000e+00 6.087614e-01 -7.933533e-01
    outer loop
      vertex   1.370000e+02 -2.187500e+02 1.796651e+02
      vertex   1.400000e+02 -2.187500e+02 1.796651e+02
      vertex   1.370000e+02 -2.192678e+02 1.792678e+02
    endloop
  endfacet
  facet normal 0.000000e+00 6.087614e-01 -7.933533e-01
    outer loop
      vertex   1.370000e+02 -2.192678e+02 1.792678e+02
      vertex   1.400000e+02 -2.187500e+02 1.796651e+02
      vertex   1.400000e+02 -2.192678e+02 1.792678e+02
    endloop
  endfacet
  facet normal 0.000000e+00 7.933533e-01 -6.087614e-01
    outer loop
      vertex   1.370000e+02 -2.192678e+02 1.792678e+02
      vertex   1.400000e+02 -2.192678e+02 1.792678e+02
      vertex   1.370000e+02 -2.196651e+02 1.787500e+02
    endloop
  endfacet
  facet normal 0.000000e+00 7.933533e-01 -6.087614e-01
    outer loop
      vertex   1.370000e+02 -2.196651e+02 1.787500e+02
      vertex   1.400000e+02 -2.192678e+02 1.792678e+02
      vertex   1.400000e+02 -2.196651e+02 1.787500e+02
    endloop
  endfacet
  facet normal 0.000000e+00 9.238795e-01 -3.826834e-01
    outer loop
      vertex   1.370000e+02 -2.196651e+02 1.787500e+02
      vertex   1.400000e+02 -2.196651e+02 1.787500e+02
      vertex   1.370000e+02 -2.199148e+02 1.781470e+02
    endloop
  endfacet
  facet normal 0.000000e+00 9.238795e-01 -3.826834e-01
    outer loop
      vertex   1.370000e+02 -2.199148e+02 1.781470e+02
      vertex   1.400000e+02 -2.196651e+02 1.787500e+02
      vertex   1.400000e+02 -2.199148e+02 1.781470e+02
    endloop
  endfacet
  facet normal 0.000000e+00 9.914449e-01 -1.305262e-01
    outer loop
      vertex   1.370000e+02 -2.199148e+02 1.781470e+02
      vertex   1.400000e+02 -2.199148e+02 1.781470e+02
      vertex   1.370000e+02 -2.200000e+02 1.775000e+02
    endloop
  endfacet
  facet normal 0.000000e+00 9.914449e-01 -1.305262e-01
    outer loop
      vertex   1.370000e+02 -2.200000e+02 1.775000e+02
      vertex   1.400000e+02 -2.199148e+02 1.781470e+02
      vertex   1.400000e+02 -2.200000e+02 1.775000e+02
    endloop
  endfacet
  facet normal -0.000000e+00 -0.000000e+00 -1.000000e+00
    outer loop
      vertex   1.400000e+02 -2.125000e+02 1.800000e+02
      vertex   1.400000e+02 -2.175000e+02 1.800000e+02
      vertex   1.370000e+02 -2.125000e+02 1.800000e+02
    endloop
  endfacet
  facet normal 0.000000e+00 0.000000e+00 -1.000000e+00
    outer loop
      vertex   1.370000e+02 -2.125000e+02 1.800000e+02
      vertex   1.400000e+02 -2.175000e+02 1.800000e+02
      vertex   1.370000e+02 -2.175000e+02 1.800000e+02
    endloop
  endfacet
  facet normal 0.000000e+00 -9.914449e-01 -1.305262e-01
    outer loop
      vertex   1.370000e+02 -2.100000e+02 1.775000e+02
      vertex   1.400000e+02 -2.100000e+02 1.775000e+02
      vertex   1.370000e+02 -2.100852e+02 1.781470e+02
    endloop
  endfacet
  facet normal 0.000000e+00 -9.914449e-01 -1.305262e-01
    outer loop
      vertex   1.370000e+02 -2.100852e+02 1.781470e+02
      vertex   1.400000e+02 -2.100000e+02 1.775000e+02
      vertex   1.400000e+02 -2.100852e+02 1.781470e+02
    endloop
  endfacet
  facet normal 0.000000e+00 -9.238795e-01 -3.826834e-01
    outer loop
      vertex   1.370000e+02 -2.100852e+02 1.781470e+02
      vertex   1.400000e+02 -2.100852e+02 1.781470e+02
      vertex   1.370000e+02 -2.103349e+02 1.787500e+02
    endloop
  endfacet
  facet normal 0.000000e+00 -9.238795e-01 -3.826834e-01
    outer loop
      vertex   1.370000e+02 -2.103349e+02 1.787500e+02
      vertex   1.400000e+02 -2.100852e+02 1.781470e+02
      vertex   1.400000e+02 -2.103349e+02 1.787500e+02
    endloop
  endfacet
  facet normal 0.000000e+00 -7.933533e-01 -6.087614e-01
    outer loop
      vertex   1.370000e+02 -2.103349e+02 1.787500e+02
      vertex   1.400000e+02 -2.103349e+02 1.787500e+02
      vertex   1.370000e+02 -2.107322e+02 1.792678e+02
    endloop
  endfacet
  facet normal 0.000000e+00 -7.933533e-01 -6.087614e-01
    outer loop
      vertex   1.370000e+02 -2.107322e+02 1.792678e+02
      vertex   1.400000e+02 -2.103349e+02 1.787500e+02
      vertex   1.400000e+02 -2.107322e+02 1.792678e+02
    endloop
  endfacet
  facet normal 0.000000e+00 -6.087614e-01 -7.933533e-01
    outer loop
      vertex   1.370000e+02 -2.107322e+02 1.792678e+02
      vertex   1.400000e+02 -2.107322e+02 1.792678e+02
      vertex   1.370000e+02 -2.112500e+02 1.796651e+02
    endloop
  endfacet
  facet normal 0.000000e+00 -6.087614e-01 -7.933533e-01
    outer loop
      vertex   1.370000e+02 -2.112500e+02 1.796651e+02
      vertex   1.400000e+02 -2.107322e+02 1.792678e+02
      vertex   1.400000e+02 -2.112500e+02 1.796651e+02
    endloop
  endfacet
  facet normal 0.000000e+00 -3.826834e-01 -9.238795e-01
    outer loop
      vertex   1.370000e+02 -2.112500e+02 1.796651e+02
      vertex   1.400000e+02 -2.112500e+02 1.796651e+02
      vertex   1.370000e+02 -2.118530e+02 1.799148e+02
    endloop
  endfacet
  facet normal 0.000000e+00 -3.826834e-01 -9.238795e-01
    outer loop
      vertex   1.370000e+02 -2.118530e+02 1.799148e+02
      vertex   1.400000e+02 -2.112500e+02 1.796651e+02
      vertex   1.400000e+02 -2.118530e+02 1.799148e+02
    endloop
  endfacet
  facet normal 0.000000e+00 -1.305262e-01 -9.914449e-01
    outer loop
      vertex   1.370000e+02 -2.118530e+02 1.799148e+02
      vertex   1.400000e+02 -2.118530e+02 1.799148e+02
      vertex   1.370000e+02 -2.125000e+02 1.800000e+02
    endloop
  endfacet
  facet normal 0.000000e+00 -1.305262e-01 -9.914449e-01
    outer loop
      vertex   1.370000e+02 -2.125000e+02 1.800000e+02
      vertex   1.400000e+02 -2.118530e+02 1.799148e+02
      vertex   1.400000e+02 -2.125000e+02 1.800000e+02
    endloop
  endfacet
  facet normal 0.000000e+00 -1.000000e+00 0.000000e+00
    outer loop
      vertex   1.400000e+02 -2.100000e+02 3.250000e+01
      vertex   1.400000e+02 -2.100000e+02 1.775000e+02
      vertex   1.370000e+02 -2.100000e+02 3.250000e+01
    endloop
  endfacet
  facet normal 0.000000e+00 -1.000000e+00 0.000000e+00
    outer loop
      vertex   1.370000e+02 -2.100000e+02 3.250000e+01
      vertex   1.400000e+02 -2.100000e+02 1.775000e+02
      vertex   1.370000e+02 -2.100000e+02 1.775000e+02
    endloop
  endfacet
  facet normal 0.000000e+00 -1.305262e-01 9.914449e-01
    outer loop
      vertex   1.370000e+02 -2.125000e+02 3.000000e+01
      vertex   1.400000e+02 -2.125000e+02 3.000000e+01
      vertex   1.370000e+02 -2.118530e+02 3.008519e+01
    endloop
  endfacet
  facet normal 0.000000e+00 -1.305262e-01 9.914449e-01
    outer loop
      vertex   1.370000e+02 -2.118530e+02 3.008519e+01
      vertex   1.400000e+02 -2.125000e+02 3.000000e+01
      vertex   1.400000e+02 -2.118530e+02 3.008519e+01
    endloop
  endfacet
  facet normal 0.000000e+00 -3.826834e-01 9.238795e-01
    outer loop
      vertex   1.370000e+02 -2.118530e+02 3.008519e+01
      vertex   1.400000e+02 -2.118530e+02 3.008519e+01
      vertex   1.370000e+02 -2.112500e+02 3.033494e+01
    endloop
  endfacet
  facet normal 0.000000e+00 -3.826834e-01 9.238795e-01
    outer loop
      vertex   1.370000e+02 -2.112500e+02 3.033494e+01
      vertex   1.400000e+02 -2.118530e+02 3.008519e+01
      vertex   1.400000e+02 -2.112500e+02 3.033494e+01
    endloop
  endfacet
  facet normal 0.000000e+00 -6.087614e-01 7.933533e-01
    outer loop
      vertex   1.370000e+02 -2.112500e+02 3.033494e+01
      vertex   1.400000e+02 -2.112500e+02 3.033494e+01
      vertex   1.370000e+02 -2.107322e+02 3.073223e+01
    endloop
  endfacet
  facet normal 0.000000e+00 -6.087614e-01 7.933533e-01
    outer loop
      vertex   1.370000e+02 -2.107322e+02 3.073223e+01
      vertex   1.400000e+02 -2.112500e+02 3.033494e+01
      vertex   1.400000e+02 -2.107322e+02 3.073223e+01
    endloop
  endfacet
  facet normal 0.000000e+00 -7.933533e-01 6.087614e-01
    outer loop
      vertex   1.370000e+02 -2.107322e+02 3.073223e+01
      vertex   1.400000e+02 -2.107322e+02 3.073223e+01
      vertex   1.370000e+02 -2.103349e+02 3.125000e+01
    endloop
  endfacet
  facet normal 0.000000e+00 -7.933533e-01 6.087614e-01
    outer loop
      vertex   1.370000e+02 -2.103349e+02 3.125000e+01
      vertex   1.400000e+02 -2.107322e+02 3.073223e+01
      vertex   1.400000e+02 -2.103349e+02 3.125000e+01
    endloop
  endfacet
  facet normal 0.000000e+00 -9.238795e-01 3.826834e-01
    outer loop
      vertex   1.370000e+02 -2.103349e+02 3.125000e+01
      vertex   1.400000e+02 -2.103349e+02 3.125000e+01
      vertex   1.370000e+02 -2.100852e+02 3.185295e+01
    endloop
  endfacet
  facet normal 0.000000e+00 -9.238795e-01 3.826834e-01
    outer loop
      vertex   1.370000e+02 -2.100852e+02 3.185295e+01
      vertex   1.400000e+02 -2.103349e+02 3.125000e+01
      vertex   1.400000e+02 -2.100852e+02 3.185295e+01
    endloop
  endfacet
  facet normal 0.000000e+00 -9.914449e-01 1.305262e-01
    outer loop
      vertex   1.370000e+02 -2.100852e+02 3.185295e+01
      vertex   1.400000e+02 -2.100852e+02 3.185295e+01
      vertex   1.370000e+02 -2.100000e+02 3.250000e+01
    endloop
  endfacet
  facet normal 0.000000e+00 -9.914449e-01 1.305262e-01
    outer loop
      vertex   1.370000e+02 -2.100000e+02 3.250000e+01
      vertex   1.400000e+02 -2.100852e+02 3.185295e+01
      vertex   1.400000e+02 -2.100000e+02 3.250000e+01
    endloop
  endfacet
  facet normal 0.000000e+00 -0.000000e+00 1.000000e+00
    outer loop
      vertex   1.400000e+02 -2.175000e+02 3.000000e+01
      vertex   1.400000e+02 -2.125000e+02 3.000000e+01
      vertex   1.370000e+02 -2.175000e+02 3.000000e+01
    endloop
  endfacet
  facet normal 0.000000e+00 0.000000e+00 1.000000e+00
    outer loop
      vertex   1.370000e+02 -2.175000e+02 3.000000e+01
      vertex   1.400000e+02 -2.125000e+02 3.000000e+01
      vertex   1.370000e+02 -2.125000e+02 3.000000e+01
    endloop
  endfacet
  facet normal 1.000000e+00 -0.000000e+00 -0.000000e+00
    outer loop
      vertex   1.370000e+02 -1.999148e+02 3.185295e+01
      vertex   1.370000e+02 -1.996651e+02 3.125000e+01
      vertex   1.370000e+02 -2.000000e+02 3.250000e+01
    endloop
  endfacet
  facet normal 1.000000e+00 0.000000e+00 0.000000e+00
    outer loop
      vertex   1.370000e+02 -2.000000e+02 3.250000e+01
      vertex   1.370000e+02 -1.996651e+02 3.125000e+01
      vertex   1.370000e+02 -1.992678e+02 3.073223e+01
    endloop
  endfacet
  facet normal 1.000000e+00 -0.000000e+00 0.000000e+00
    outer loop
      vertex   1.370000e+02 -2.000000e+02 3.250000e+01
      vertex   1.370000e+02 -1.992678e+02 3.073223e+01
      vertex   1.370000e+02 -1.992678e+02 1.792678e+02
    endloop
  endfacet
  facet normal 1.000000e+00 -0.000000e+00 0.000000e+00
    outer loop
      vertex   1.370000e+02 -1.992678e+02 1.792678e+02
      vertex   1.370000e+02 -1.992678e+02 3.073223e+01
      vertex   1.370000e+02 -1.987500e+02 1.796651e+02
    endloop
  endfacet
  facet normal 1.000000e+00 0.000000e+00 0.000000e+00
    outer loop
      vertex   1.370000e+02 -1.987500e+02 1.796651e+02
      vertex   1.370000e+02 -1.992678e+02 3.073223e+01
      vertex   1.370000e+02 -1.987500e+02 3.033494e+01
    endloop
  endfacet
  facet normal 1.000000e+00 -0.000000e+00 0.000000e+00
    outer loop
      vertex   1.370000e+02 -1.987500e+02 1.796651e+02
      vertex   1.370000e+02 -1.987500e+02 3.033494e+01
      vertex   1.370000e+02 -1.981470e+02 1.799148e+02
    endloop
  endfacet
  facet normal 1.000000e+00 0.000000e+00 0.000000e+00
    outer loop
      vertex   1.370000e+02 -1.981470e+02 1.799148e+02
      vertex   1.370000e+02 -1.987500e+02 3.033494e+01
      vertex   1.370000e+02 -1.981470e+02 3.008519e+01
    endloop
  endfacet
  facet normal 1.000000e+00 -0.000000e+00 0.000000e+00
    outer loop
      vertex   1.370000e+02 -1.981470e+02 1.799148e+02
      vertex   1.370000e+02 -1.981470e+02 3.008519e+01
      vertex   1.370000e+02 -1.975000e+02 1.800000e+02
    endloop
  endfacet
  facet normal 1.000000e+00 0.000000e+00 0.000000e+00
    outer loop
      vertex   1.370000e+02 -1.975000e+02 1.800000e+02
      vertex   1.370000e+02 -1.981470e+02 3.008519e+01
      vertex   1.370000e+02 -1.975000e+02 3.000000e+01
    endloop
  endfacet
  facet normal 1.000000e+00 0.000000e+00 0.000000e+00
    outer loop
      vertex   1.370000e+02 -1.975000e+02 1.800000e+02
      vertex   1.370000e+02 -1.975000e+02 3.000000e+01
      vertex   1.370000e+02 -1.925000e+02 3.000000e+01
    endloop
  endfacet
  facet normal 1.000000e+00 -0.000000e+00 0.000000e+00
    outer loop
      vertex   1.370000e+02 -1.975000e+02 1.800000e+02
      vertex   1.370000e+02 -1.925000e+02 3.000000e+01
      vertex   1.370000e+02 -1.925000e+02 1.800000e+02
    endloop
  endfacet
  facet normal 1.000000e+00 0.000000e+00 0.000000e+00
    outer loop
      vertex   1.370000e+02 -1.925000e+02 1.800000e+02
      vertex   1.370000e+02 -1.925000e+02 3.000000e+01
      vertex   1.370000e+02 -1.918530e+02 3.008519e+01
    endloop
  endfacet
  facet normal 1.000000e+00 0.000000e+00 0.000000e+00
    outer loop
      vertex   1.370000e+02 -1.925000e+02 1.800000e+02
      vertex   1.370000e+02 -1.918530e+02 3.008519e+01
      vertex   1.370000e+02 -1.918530e+02 1.799148e+02
    endloop
  endfacet
  facet normal 1.000000e+00 0.000000e+00 0.000000e+00
    outer loop
      vertex   1.370000e+02 -1.918530e+02 1.799148e+02
      vertex   1.370000e+02 -1.918530e+02 3.008519e+01
      vertex   1.370000e+02 -1.912500e+02 3.033494e+01
    endloop
  endfacet
  facet normal 1.000000e+00 0.000000e+00 0.000000e+00
    outer loop
      vertex   1.370000e+02 -1.918530e+02 1.799148e+02
      vertex   1.370000e+02 -1.912500e+02 3.033494e+01
      vertex   1.370000e+02 -1.912500e+02 1.796651e+02
    endloop
  endfacet
  facet normal 1.000000e+00 0.000000e+00 0.000000e+00
    outer loop
      vertex   1.370000e+02 -1.912500e+02 1.796651e+02
      vertex   1.370000e+02 -1.912500e+02 3.033494e+01
      vertex   1.370000e+02 -1.907322e+02 3.073223e+01
    endloop
  endfacet
  facet normal 1.000000e+00 0.000000e+00 0.000000e+00
    outer loop
      vertex   1.370000e+02 -1.912500e+02 1.796651e+02
      vertex   1.370000e+02 -1.907322e+02 3.073223e+01
      vertex   1.370000e+02 -1.907322e+02 1.792678e+02
    endloop
  endfacet
  facet normal 1.000000e+00 0.000000e+00 0.000000e+00
    outer loop
      vertex   1.370000e+02 -1.907322e+02 1.792678e+02
      vertex   1.370000e+02 -1.907322e+02 3.073223e+01
      vertex   1.370000e+02 -1.900000e+02 3.250000e+01
    endloop
  endfacet
  facet normal 1.000000e+00 0.000000e+00 0.000000e+00
    outer loop
      vertex   1.370000e+02 -1.907322e+02 1.792678e+02
      vertex   1.370000e+02 -1.900000e+02 3.250000e+01
      vertex   1.370000e+02 -1.900000e+02 1.775000e+02
    endloop
  endfacet
  facet normal 1.000000e+00 0.000000e+00 0.000000e+00
    outer loop
      vertex   1.370000e+02 -1.907322e+02 3.073223e+01
      vertex   1.370000e+02 -1.903349e+02 3.125000e+01
      vertex   1.370000e+02 -1.900000e+02 3.250000e+01
    endloop
  endfacet
  facet normal 1.000000e+00 0.000000e+00 0.000000e+00
    outer loop
      vertex   1.370000e+02 -1.900000e+02 3.250000e+01
      vertex   1.370000e+02 -1.903349e+02 3.125000e+01
      vertex   1.370000e+02 -1.900852e+02 3.185295e+01
    endloop
  endfacet
  facet normal 1.000000e+00 0.000000e+00 0.000000e+00
    outer loop
      vertex   1.370000e+02 -1.900852e+02 1.781470e+02
      vertex   1.370000e+02 -1.903349e+02 1.787500e+02
      vertex   1.370000e+02 -1.900000e+02 1.775000e+02
    endloop
  endfacet
  facet normal 1.000000e+00 0.000000e+00 0.000000e+00
    outer loop
      vertex   1.370000e+02 -1.900000e+02 1.775000e+02
      vertex   1.370000e+02 -1.903349e+02 1.787500e+02
      vertex   1.370000e+02 -1.907322e+02 1.792678e+02
    endloop
  endfacet
  facet normal 1.000000e+00 0.000000e+00 0.000000e+00
    outer loop
      vertex   1.370000e+02 -2.000000e+02 3.250000e+01
      vertex   1.370000e+02 -1.992678e+02 1.792678e+02
      vertex   1.370000e+02 -2.000000e+02 1.775000e+02
    endloop
  endfacet
  facet normal 1.000000e+00 0.000000e+00 0.000000e+00
    outer loop
      vertex   1.370000e+02 -2.000000e+02 1.775000e+02
      vertex   1.370000e+02 -1.992678e+02 1.792678e+02
      vertex   1.370000e+02 -1.996651e+02 1.787500e+02
    endloop
  endfacet
  facet normal 1.000000e+00 0.000000e+00 0.000000e+00
    outer loop
      vertex   1.370000e+02 -2.000000e+02 1.775000e+02
      vertex   1.370000e+02 -1.996651e+02 1.787500e+02
      vertex   1.370000e+02 -1.999148e+02 1.781470e+02
    endloop
  endfacet
  facet normal -0.000000e+00 9.914449e-01 1.305262e-01
    outer loop
      vertex   1.370000e+02 -2.000000e+02 3.250000e+01
      vertex   1.400000e+02 -2.000000e+02 3.250000e+01
      vertex   1.370000e+02 -1.999148e+02 3.185295e+01
    endloop
  endfacet
  facet normal -0.000000e+00 9.914449e-01 1.305262e-01
    outer loop
      vertex   1.370000e+02 -1.999148e+02 3.185295e+01
      vertex   1.400000e+02 -2.000000e+02 3.250000e+01
      vertex   1.400000e+02 -1.999148e+02 3.185295e+01
    endloop
  endfacet
  facet normal -0.000000e+00 9.238795e-01 3.826834e-01
    outer loop
      vertex   1.370000e+02 -1.999148e+02 3.185295e+01
      vertex   1.400000e+02 -1.999148e+02 3.185295e+01
      vertex   1.370000e+02 -1.996651e+02 3.125000e+01
    endloop
  endfacet
  facet normal -0.000000e+00 9.238795e-01 3.826834e-01
    outer loop
      vertex   1.370000e+02 -1.996651e+02 3.125000e+01
      vertex   1.400000e+02 -1.999148e+02 3.185295e+01
      vertex   1.400000e+02 -1.996651e+02 3.125000e+01
    endloop
  endfacet
  facet normal -0.000000e+00 7.933533e-01 6.087614e-01
    outer loop
      vertex   1.370000e+02 -1.996651e+02 3.125000e+01
      vertex   1.400000e+02 -1.996651e+02 3.125000e+01
      vertex   1.370000e+02 -1.992678e+02 3.073223e+01
    endloop
  endfacet
  facet normal -0.000000e+00 7.933533e-01 6.087614e-01
    outer loop
      vertex   1.370000e+02 -1.992678e+02 3.073223e+01
      vertex   1.400000e+02 -1.996651e+02 3.125000e+01
      vertex   1.400000e+02 -1.992678e+02 3.073223e+01
    endloop
  endfacet
  facet normal -0.000000e+00 6.087614e-01 7.933533e-01
    outer loop
      vertex   1.370000e+02 -1.992678e+02 3.073223e+01
      vertex   1.400000e+02 -1.992678e+02 3.073223e+01
      vertex   1.370000e+02 -1.987500e+02 3.033494e+01
    endloop
  endfacet
  facet normal -0.000000e+00 6.087614e-01 7.933533e-01
    outer loop
      vertex   1.370000e+02 -1.987500e+02 3.033494e+01
      vertex   1.400000e+02 -1.992678e+02 3.073223e+01
      vertex   1.400000e+02 -1.987500e+02 3.033494e+01
    endloop
  endfacet
  facet normal -0.000000e+00 3.826834e-01 9.238795e-01
    outer loop
      vertex   1.370000e+02 -1.987500e+02 3.033494e+01
      vertex   1.400000e+02 -1.987500e+02 3.033494e+01
      vertex   1.370000e+02 -1.981470e+02 3.008519e+01
    endloop
  endfacet
  facet normal -0.000000e+00 3.826834e-01 9.238795e-01
    outer loop
      vertex   1.370000e+02 -1.981470e+02 3.008519e+01
      vertex   1.400000e+02 -1.987500e+02 3.033494e+01
      vertex   1.400000e+02 -1.981470e+02 3.008519e+01
    endloop
  endfacet
  facet normal -0.000000e+00 1.305262e-01 9.914449e-01
    outer loop
      vertex   1.370000e+02 -1.981470e+02 3.008519e+01
      vertex   1.400000e+02 -1.981470e+02 3.008519e+01
      vertex   1.370000e+02 -1.975000e+02 3.000000e+01
    endloop
  endfacet
  facet normal -0.000000e+00 1.305262e-01 9.914449e-01
    outer loop
      vertex   1.370000e+02 -1.975000e+02 3.000000e+01
      vertex   1.400000e+02 -1.981470e+02 3.008519e+01
      vertex   1.400000e+02 -1.975000e+02 3.000000e+01
    endloop
  endfacet
  facet normal 0.000000e+00 1.000000e+00 0.000000e+00
    outer loop
      vertex   1.400000e+02 -2.000000e+02 1.775000e+02
      vertex   1.400000e+02 -2.000000e+02 3.250000e+01
      vertex   1.370000e+02 -2.000000e+02 1.775000e+02
    endloop
  endfacet
  facet normal 0.000000e+00 1.000000e+00 0.000000e+00
    outer loop
      vertex   1.370000e+02 -2.000000e+02 1.775000e+02
      vertex   1.400000e+02 -2.000000e+02 3.250000e+01
      vertex   1.370000e+02 -2.000000e+02 3.250000e+01
    endloop
  endfacet
  facet normal 0.000000e+00 1.305262e-01 -9.914449e-01
    outer loop
      vertex   1.370000e+02 -1.975000e+02 1.800000e+02
      vertex   1.400000e+02 -1.975000e+02 1.800000e+02
      vertex   1.370000e+02 -1.981470e+02 1.799148e+02
    endloop
  endfacet
  facet normal 0.000000e+00 1.305262e-01 -9.914449e-01
    outer loop
      vertex   1.370000e+02 -1.981470e+02 1.799148e+02
      vertex   1.400000e+02 -1.975000e+02 1.800000e+02
      vertex   1.400000e+02 -1.981470e+02 1.799148e+02
    endloop
  endfacet
  facet normal 0.000000e+00 3.826834e-01 -9.238795e-01
    outer loop
      vertex   1.370000e+02 -1.981470e+02 1.799148e+02
      vertex   1.400000e+02 -1.981470e+02 1.799148e+02
      vertex   1.370000e+02 -1.987500e+02 1.796651e+02
    endloop
  endfacet
  facet normal 0.000000e+00 3.826834e-01 -9.238795e-01
    outer loop
      vertex   1.370000e+02 -1.987500e+02 1.796651e+02
      vertex   1.400000e+02 -1.981470e+02 1.799148e+02
      vertex   1.400000e+02 -1.987500e+02 1.796651e+02
    endloop
  endfacet
  facet normal 0.000000e+00 6.087614e-01 -7.933533e-01
    outer loop
      vertex   1.370000e+02 -1.987500e+02 1.796651e+02
      vertex   1.400000e+02 -1.987500e+02 1.796651e+02
      vertex   1.370000e+02 -1.992678e+02 1.792678e+02
    endloop
  endfacet
  facet normal 0.000000e+00 6.087614e-01 -7.933533e-01
    outer loop
      vertex   1.370000e+02 -1.992678e+02 1.792678e+02
      vertex   1.400000e+02 -1.987500e+02 1.796651e+02
      vertex   1.400000e+02 -1.992678e+02 1.792678e+02
    endloop
  endfacet
  facet normal 0.000000e+00 7.933533e-01 -6.087614e-01
    outer loop
      vertex   1.370000e+02 -1.992678e+02 1.792678e+02
      vertex   1.400000e+02 -1.992678e+02 1.792678e+02
      vertex   1.370000e+02 -1.996651e+02 1.787500e+02
    endloop
  endfacet
  facet normal 0.000000e+00 7.933533e-01 -6.087614e-01
    outer loop
      vertex   1.370000e+02 -1.996651e+02 1.787500e+02
      vertex   1.400000e+02 -1.992678e+02 1.792678e+02
      vertex   1.400000e+02 -1.996651e+02 1.787500e+02
    endloop
  endfacet
  facet normal 0.000000e+00 9.238795e-01 -3.826834e-01
    outer loop
      vertex   1.370000e+02 -1.996651e+02 1.787500e+02
      vertex   1.400000e+02 -1.996651e+02 1.787500e+02
      vertex   1.370000e+02 -1.999148e+02 1.781470e+02
    endloop
  endfacet
  facet normal 0.000000e+00 9.238795e-01 -3.826834e-01
    outer loop
      vertex   1.370000e+02 -1.999148e+02 1.781470e+02
      vertex   1.400000e+02 -1.996651e+02 1.787500e+02
      vertex   1.400000e+02 -1.999148e+02 1.781470e+02
    endloop
  endfacet
  facet normal 0.000000e+00 9.914449e-01 -1.305262e-01
    outer loop
      vertex   1.370000e+02 -1.999148e+02 1.781470e+02
      vertex   1.400000e+02 -1.999148e+02 1.781470e+02
      vertex   1.370000e+02 -2.000000e+02 1.775000e+02
    endloop
  endfacet
  facet normal 0.000000e+00 9.914449e-01 -1.305262e-01
    outer loop
      vertex   1.370000e+02 -2.000000e+02 1.775000e+02
      vertex   1.400000e+02 -1.999148e+02 1.781470e+02
      vertex   1.400000e+02 -2.000000e+02 1.775000e+02
    endloop
  endfacet
  facet normal -0.000000e+00 -0.000000e+00 -1.000000e+00
    outer loop
      vertex   1.400000e+02 -1.925000e+02 1.800000e+02
      vertex   1.400000e+02 -1.975000e+02 1.800000e+02
      vertex   1.370000e+02 -1.925000e+02 1.800000e+02
    endloop
  endfacet
  facet normal 0.000000e+00 0.000000e+00 -1.000000e+00
    outer loop
      vertex   1.370000e+02 -1.925000e+02 1.800000e+02
      vertex   1.400000e+02 -1.975000e+02 1.800000e+02
      vertex   1.370000e+02 -1.975000e+02 1.800000e+02
    endloop
  endfacet
  facet normal 0.000000e+00 -9.914449e-01 -1.305262e-01
    outer loop
      vertex   1.370000e+02 -1.900000e+02 1.775000e+02
      vertex   1.400000e+02 -1.900000e+02 1.775000e+02
      vertex   1.370000e+02 -1.900852e+02 1.781470e+02
    endloop
  endfacet
  facet normal 0.000000e+00 -9.914449e-01 -1.305262e-01
    outer loop
      vertex   1.370000e+02 -1.900852e+02 1.781470e+02
      vertex   1.400000e+02 -1.900000e+02 1.775000e+02
      vertex   1.400000e+02 -1.900852e+02 1.781470e+02
    endloop
  endfacet
  facet normal 0.000000e+00 -9.238795e-01 -3.826834e-01
    outer loop
      vertex   1.370000e+02 -1.900852e+02 1.781470e+02
      vertex   1.400000e+02 -1.900852e+02 1.781470e+02
      vertex   1.370000e+02 -1.903349e+02 1.787500e+02
    endloop
  endfacet
  facet normal 0.000000e+00 -9.238795e-01 -3.826834e-01
    outer loop
      vertex   1.370000e+02 -1.903349e+02 1.787500e+02
      vertex   1.400000e+02 -1.900852e+02 1.781470e+02
      vertex   1.400000e+02 -1.903349e+02 1.787500e+02
    endloop
  endfacet
  facet normal 0.000000e+00 -7.933533e-01 -6.087614e-01
    outer loop
      vertex   1.370000e+02 -1.903349e+02 1.787500e+02
      vertex   1.400000e+02 -1.903349e+02 1.787500e+02
      vertex   1.370000e+02 -1.907322e+02 1.792678e+02
    endloop
  endfacet
  facet normal 0.000000e+00 -7.933533e-01 -6.087614e-01
    outer loop
      vertex   1.370000e+02 -1.907322e+02 1.792678e+02
      vertex   1.400000e+02 -1.903349e+02 1.787500e+02
      vertex   1.400000e+02 -1.907322e+02 1.792678e+02
    endloop
  endfacet
  facet normal 0.000000e+00 -6.087614e-01 -7.933533e-01
    outer loop
      vertex   1.370000e+02 -1.907322e+02 1.792678e+02
      vertex   1.400000e+02 -1.907322e+02 1.792678e+02
      vertex   1.370000e+02 -1.912500e+02 1.796651e+02
    endloop
  endfacet
  facet normal 0.000000e+00 -6.087614e-01 -7.933533e-01
    outer loop
      vertex   1.370000e+02 -1.912500e+02 1.796651e+02
      vertex   1.400000e+02 -1.907322e+02 1.792678e+02
      vertex   1.400000e+02 -1.912500e+02 1.796651e+02
    endloop
  endfacet
  facet normal 0.000000e+00 -3.826834e-01 -9.238795e-01
    outer loop
      vertex   1.370000e+02 -1.912500e+02 1.796651e+02
      vertex   1.400000e+02 -1.912500e+02 1.796651e+02
      vertex   1.370000e+02 -1.918530e+02 1.799148e+02
    endloop
  endfacet
  facet normal 0.000000e+00 -3.826834e-01 -9.238795e-01
    outer loop
      vertex   1.370000e+02 -1.918530e+02 1.799148e+02
      vertex   1.400000e+02 -1.912500e+02 1.796651e+02
      vertex   1.400000e+02 -1.918530e+02 1.799148e+02
    endloop
  endfacet
  facet normal 0.000000e+00 -1.305262e-01 -9.914449e-01
    outer loop
      vertex   1.370000e+02 -1.918530e+02 1.799148e+02
      vertex   1.400000e+02 -1.918530e+02 1.799148e+02
      vertex   1.370000e+02 -1.925000e+02 1.800000e+02
    endloop
  endfacet
  facet normal 0.000000e+00 -1.305262e-01 -9.914449e-01
    outer loop
      vertex   1.370000e+02 -1.925000e+02 1.800000e+02
      vertex   1.400000e+02 -1.918530e+02 1.799148e+02
      vertex   1.400000e+02 -1.925000e+02 1.800000e+02
    endloop
  endfacet
  facet normal 0.000000e+00 -1.000000e+00 0.000000e+00
    outer loop
      vertex   1.400000e+02 -1.900000e+02 3.250000e+01
      vertex   1.400000e+02 -1.900000e+02 1.775000e+02
      vertex   1.370000e+02 -1.900000e+02 3.250000e+01
    endloop
  endfacet
  facet normal 0.000000e+00 -1.000000e+00 0.000000e+00
    outer loop
      vertex   1.370000e+02 -1.900000e+02 3.250000e+01
      vertex   1.400000e+02 -1.900000e+02 1.775000e+02
      vertex   1.370000e+02 -1.900000e+02 1.775000e+02
    endloop
  endfacet
  facet normal 0.000000e+00 -1.305262e-01 9.914449e-01
    outer loop
      vertex   1.370000e+02 -1.925000e+02 3.000000e+01
      vertex   1.400000e+02 -1.925000e+02 3.000000e+01
      vertex   1.370000e+02 -1.918530e+02 3.008519e+01
    endloop
  endfacet
  facet normal 0.000000e+00 -1.305262e-01 9.914449e-01
    outer loop
      vertex   1.370000e+02 -1.918530e+02 3.008519e+01
      vertex   1.400000e+02 -1.925000e+02 3.000000e+01
      vertex   1.400000e+02 -1.918530e+02 3.008519e+01
    endloop
  endfacet
  facet normal 0.000000e+00 -3.826834e-01 9.238795e-01
    outer loop
      vertex   1.370000e+02 -1.918530e+02 3.008519e+01
      vertex   1.400000e+02 -1.918530e+02 3.008519e+01
      vertex   1.370000e+02 -1.912500e+02 3.033494e+01
    endloop
  endfacet
  facet normal 0.000000e+00 -3.826834e-01 9.238795e-01
    outer loop
      vertex   1.370000e+02 -1.912500e+02 3.033494e+01
      vertex   1.400000e+02 -1.918530e+02 3.008519e+01
      vertex   1.400000e+02 -1.912500e+02 3.033494e+01
    endloop
  endfacet
  facet normal 0.000000e+00 -6.087614e-01 7.933533e-01
    outer loop
      vertex   1.370000e+02 -1.912500e+02 3.033494e+01
      vertex   1.400000e+02 -1.912500e+02 3.033494e+01
      vertex   1.370000e+02 -1.907322e+02 3.073223e+01
    endloop
  endfacet
  facet normal 0.000000e+00 -6.087614e-01 7.933533e-01
    outer loop
      vertex   1.370000e+02 -1.907322e+02 3.073223e+01
      vertex   1.400000e+02 -1.912500e+02 3.033494e+01
      vertex   1.400000e+02 -1.907322e+02 3.073223e+01
    endloop
  endfacet
  facet normal 0.000000e+00 -7.933533e-01 6.087614e-01
    outer loop
      vertex   1.370000e+02 -1.907322e+02 3.073223e+01
      vertex   1.400000e+02 -1.907322e+02 3.073223e+01
      vertex   1.370000e+02 -1.903349e+02 3.125000e+01
    endloop
  endfacet
  facet normal 0.000000e+00 -7.933533e-01 6.087614e-01
    outer loop
      vertex   1.370000e+02 -1.903349e+02 3.125000e+01
      vertex   1.400000e+02 -1.907322e+02 3.073223e+01
      vertex   1.400000e+02 -1.903349e+02 3.125000e+01
    endloop
  endfacet
  facet normal 0.000000e+00 -9.238795e-01 3.826834e-01
    outer loop
      vertex   1.370000e+02 -1.903349e+02 3.125000e+01
      vertex   1.400000e+02 -1.903349e+02 3.125000e+01
      vertex   1.370000e+02 -1.900852e+02 3.185295e+01
    endloop
  endfacet
  facet normal 0.000000e+00 -9.238795e-01 3.826834e-01
    outer loop
      vertex   1.370000e+02 -1.900852e+02 3.185295e+01
      vertex   1.400000e+02 -1.903349e+02 3.125000e+01
      vertex   1.400000e+02 -1.900852e+02 3.185295e+01
    endloop
  endfacet
  facet normal 0.000000e+00 -9.914449e-01 1.305262e-01
    outer loop
      vertex   1.370000e+02 -1.900852e+02 3.185295e+01
      vertex   1.400000e+02 -1.900852e+02 3.185295e+01
      vertex   1.370000e+02 -1.900000e+02 3.250000e+01
    endloop
  endfacet
  facet normal 0.000000e+00 -9.914449e-01 1.305262e-01
    outer loop
      vertex   1.370000e+02 -1.900000e+02 3.250000e+01
      vertex   1.400000e+02 -1.900852e+02 3.185295e+01
      vertex   1.400000e+02 -1.900000e+02 3.250000e+01
    endloop
  endfacet
  facet normal 0.000000e+00 -0.000000e+00 1.000000e+00
    outer loop
      vertex   1.400000e+02 -1.975000e+02 3.000000e+01
      vertex   1.400000e+02 -1.925000e+02 3.000000e+01
      vertex   1.370000e+02 -1.975000e+02 3.000000e+01
    endloop
  endfacet
  facet normal 0.000000e+00 0.000000e+00 1.000000e+00
    outer loop
      vertex   1.370000e+02 -1.975000e+02 3.000000e+01
      vertex   1.400000e+02 -1.925000e+02 3.000000e+01
      vertex   1.370000e+02 -1.925000e+02 3.000000e+01
    endloop
  endfacet
  facet normal -1.000000e+00 -0.000000e+00 -0.000000e+00
    outer loop
      vertex   6.300000e+01 -1.718530e+02 1.799148e+02
      vertex   6.300000e+01 -1.718530e+02 3.008519e+01
      vertex   6.300000e+01 -1.725000e+02 1.800000e+02
    endloop
  endfacet
  facet normal -1.000000e+00 0.000000e+00 0.000000e+00
    outer loop
      vertex   6.300000e+01 -1.725000e+02 1.800000e+02
      vertex   6.300000e+01 -1.718530e+02 3.008519e+01
      vertex   6.300000e+01 -1.725000e+02 3.000000e+01
    endloop
  endfacet
  facet normal -1.000000e+00 0.000000e+00 -0.000000e+00
    outer loop
      vertex   6.300000e+01 -1.725000e+02 1.800000e+02
      vertex   6.300000e+01 -1.725000e+02 3.000000e+01
      vertex   6.300000e+01 -1.775000e+02 3.000000e+01
    endloop
  endfacet
  facet normal -1.000000e+00 0.000000e+00 0.000000e+00
    outer loop
      vertex   6.300000e+01 -1.718530e+02 3.008519e+01
      vertex   6.300000e+01 -1.718530e+02 1.799148e+02
      vertex   6.300000e+01 -1.712500e+02 3.033494e+01
    endloop
  endfacet
  facet normal -1.000000e+00 0.000000e+00 0.000000e+00
    outer loop
      vertex   6.300000e+01 -1.712500e+02 3.033494e+01
      vertex   6.300000e+01 -1.718530e+02 1.799148e+02
      vertex   6.300000e+01 -1.712500e+02 1.796651e+02
    endloop
  endfacet
  facet normal -1.000000e+00 0.000000e+00 0.000000e+00
    outer loop
      vertex   6.300000e+01 -1.712500e+02 3.033494e+01
      vertex   6.300000e+01 -1.712500e+02 1.796651e+02
      vertex   6.300000e+01 -1.707322e+02 3.073223e+01
    endloop
  endfacet
  facet normal -1.000000e+00 0.000000e+00 0.000000e+00
    outer loop
      vertex   6.300000e+01 -1.707322e+02 3.073223e+01
      vertex   6.300000e+01 -1.712500e+02 1.796651e+02
      vertex   6.300000e+01 -1.707322e+02 1.792678e+02
    endloop
  endfacet
  facet normal -1.000000e+00 0.000000e+00 0.000000e+00
    outer loop
      vertex   6.300000e+01 -1.707322e+02 3.073223e+01
      vertex   6.300000e+01 -1.707322e+02 1.792678e+02
      vertex   6.300000e+01 -1.700000e+02 3.250000e+01
    endloop
  endfacet
  facet normal -1.000000e+00 0.000000e+00 0.000000e+00
    outer loop
      vertex   6.300000e+01 -1.700000e+02 3.250000e+01
      vertex   6.300000e+01 -1.707322e+02 1.792678e+02
      vertex   6.300000e+01 -1.700000e+02 1.775000e+02
    endloop
  endfacet
  facet normal -1.000000e+00 0.000000e+00 0.000000e+00
    outer loop
      vertex   6.300000e+01 -1.700000e+02 1.775000e+02
      vertex   6.300000e+01 -1.707322e+02 1.792678e+02
      vertex   6.300000e+01 -1.703349e+02 1.787500e+02
    endloop
  endfacet
  facet normal -1.000000e+00 0.000000e+00 0.000000e+00
    outer loop
      vertex   6.300000e+01 -1.700000e+02 1.775000e+02
      vertex   6.300000e+01 -1.703349e+02 1.787500e+02
      vertex   6.300000e+01 -1.700852e+02 1.781470e+02
    endloop
  endfacet
  facet normal -1.000000e+00 -0.000000e+00 0.000000e+00
    outer loop
      vertex   6.300000e+01 -1.700852e+02 3.185295e+01
      vertex   6.300000e+01 -1.703349e+02 3.125000e+01
      vertex   6.300000e+01 -1.700000e+02 3.250000e+01
    endloop
  endfacet
  facet normal -1.000000e+00 0.000000e+00 0.000000e+00
    outer loop
      vertex   6.300000e+01 -1.700000e+02 3.250000e+01
      vertex   6.300000e+01 -1.703349e+02 3.125000e+01
      vertex   6.300000e+01 -1.707322e+02 3.073223e+01
    endloop
  endfacet
  facet normal -1.000000e+00 -0.000000e+00 0.000000e+00
    outer loop
      vertex   6.300000e+01 -1.725000e+02 1.800000e+02
      vertex   6.300000e+01 -1.775000e+02 3.000000e+01
      vertex   6.300000e+01 -1.775000e+02 1.800000e+02
    endloop
  endfacet
  facet normal -1.000000e+00 0.000000e+00 -0.000000e+00
    outer loop
      vertex   6.300000e+01 -1.775000e+02 1.800000e+02
      vertex   6.300000e+01 -1.775000e+02 3.000000e+01
      vertex   6.300000e+01 -1.781470e+02 3.008519e+01
    endloop
  endfacet
  facet normal -1.000000e+00 0.000000e+00 0.000000e+00
    outer loop
      vertex   6.300000e+01 -1.775000e+02 1.800000e+02
      vertex   6.300000e+01 -1.781470e+02 3.008519e+01
      vertex   6.300000e+01 -1.781470e+02 1.799148e+02
    endloop
  endfacet
  facet normal -1.000000e+00 0.000000e+00 -0.000000e+00
    outer loop
      vertex   6.300000e+01 -1.781470e+02 1.799148e+02
      vertex   6.300000e+01 -1.781470e+02 3.008519e+01
      vertex   6.300000e+01 -1.787500e+02 3.033494e+01
    endloop
  endfacet
  facet normal -1.000000e+00 0.000000e+00 0.000000e+00
    outer loop
      vertex   6.300000e+01 -1.781470e+02 1.799148e+02
      vertex   6.300000e+01 -1.787500e+02 3.033494e+01
      vertex   6.300000e+01 -1.787500e+02 1.796651e+02
    endloop
  endfacet
  facet normal -1.000000e+00 0.000000e+00 -0.000000e+00
    outer loop
      vertex   6.300000e+01 -1.787500e+02 1.796651e+02
      vertex   6.300000e+01 -1.787500e+02 3.033494e+01
      vertex   6.300000e+01 -1.792678e+02 3.073223e+01
    endloop
  endfacet
  facet normal -1.000000e+00 0.000000e+00 0.000000e+00
    outer loop
      vertex   6.300000e+01 -1.787500e+02 1.796651e+02
      vertex   6.300000e+01 -1.792678e+02 3.073223e+01
      vertex   6.300000e+01 -1.792678e+02 1.792678e+02
    endloop
  endfacet
  facet normal -1.000000e+00 0.000000e+00 -0.000000e+00
    outer loop
      vertex   6.300000e+01 -1.792678e+02 1.792678e+02
      vertex   6.300000e+01 -1.792678e+02 3.073223e+01
      vertex   6.300000e+01 -1.800000e+02 3.250000e+01
    endloop
  endfacet
  facet normal -1.000000e+00 0.000000e+00 0.000000e+00
    outer loop
      vertex   6.300000e+01 -1.792678e+02 1.792678e+02
      vertex   6.300000e+01 -1.800000e+02 3.250000e+01
      vertex   6.300000e+01 -1.800000e+02 1.775000e+02
    endloop
  endfacet
  facet normal -1.000000e+00 0.000000e+00 0.000000e+00
    outer loop
      vertex   6.300000e+01 -1.792678e+02 3.073223e+01
      vertex   6.300000e+01 -1.796651e+02 3.125000e+01
      vertex   6.300000e+01 -1.800000e+02 3.250000e+01
    endloop
  endfacet
  facet normal -1.000000e+00 0.000000e+00 0.000000e+00
    outer loop
      vertex   6.300000e+01 -1.800000e+02 3.250000e+01
      vertex   6.300000e+01 -1.796651e+02 3.125000e+01
      vertex   6.300000e+01 -1.799148e+02 3.185295e+01
    endloop
  endfacet
  facet normal -1.000000e+00 0.000000e+00 -0.000000e+00
    outer loop
      vertex   6.300000e+01 -1.799148e+02 1.781470e+02
      vertex   6.300000e+01 -1.796651e+02 1.787500e+02
      vertex   6.300000e+01 -1.800000e+02 1.775000e+02
    endloop
  endfacet
  facet normal -1.000000e+00 0.000000e+00 0.000000e+00
    outer loop
      vertex   6.300000e+01 -1.800000e+02 1.775000e+02
      vertex   6.300000e+01 -1.796651e+02 1.787500e+02
      vertex   6.300000e+01 -1.792678e+02 1.792678e+02
    endloop
  endfacet
  facet normal -0.000000e+00 -1.305262e-01 -9.914449e-01
    outer loop
      vertex   6.300000e+01 -1.725000e+02 1.800000e+02
      vertex   6.000000e+01 -1.725000e+02 1.800000e+02
      vertex   6.300000e+01 -1.718530e+02 1.799148e+02
    endloop
  endfacet
  facet normal -0.000000e+00 -1.305262e-01 -9.914449e-01
    outer loop
      vertex   6.300000e+01 -1.718530e+02 1.799148e+02
      vertex   6.000000e+01 -1.725000e+02 1.800000e+02
      vertex   6.000000e+01 -1.718530e+02 1.799148e+02
    endloop
  endfacet
  facet normal -0.000000e+00 -3.826834e-01 -9.238795e-01
    outer loop
      vertex   6.300000e+01 -1.718530e+02 1.799148e+02
      vertex   6.000000e+01 -1.718530e+02 1.799148e+02
      vertex   6.300000e+01 -1.712500e+02 1.796651e+02
    endloop
  endfacet
  facet normal -0.000000e+00 -3.826834e-01 -9.238795e-01
    outer loop
      vertex   6.300000e+01 -1.712500e+02 1.796651e+02
      vertex   6.000000e+01 -1.718530e+02 1.799148e+02
      vertex   6.000000e+01 -1.712500e+02 1.796651e+02
    endloop
  endfacet
  facet normal -0.000000e+00 -6.087614e-01 -7.933533e-01
    outer loop
      vertex   6.300000e+01 -1.712500e+02 1.796651e+02
      vertex   6.000000e+01 -1.712500e+02 1.796651e+02
      vertex   6.300000e+01 -1.707322e+02 1.792678e+02
    endloop
  endfacet
  facet normal -0.000000e+00 -6.087614e-01 -7.933533e-01
    outer loop
      vertex   6.300000e+01 -1.707322e+02 1.792678e+02
      vertex   6.000000e+01 -1.712500e+02 1.796651e+02
      vertex   6.000000e+01 -1.707322e+02 1.792678e+02
    endloop
  endfacet
  facet normal -0.000000e+00 -7.933533e-01 -6.087614e-01
    outer loop
      vertex   6.300000e+01 -1.707322e+02 1.792678e+02
      vertex   6.000000e+01 -1.707322e+02 1.792678e+02
      vertex   6.300000e+01 -1.703349e+02 1.787500e+02
    endloop
  endfacet
  facet normal -0.000000e+00 -7.933533e-01 -6.087614e-01
    outer loop
      vertex   6.300000e+01 -1.703349e+02 1.787500e+02
      vertex   6.000000e+01 -1.707322e+02 1.792678e+02
      vertex   6.000000e+01 -1.703349e+02 1.787500e+02
    endloop
  endfacet
  facet normal -0.000000e+00 -9.238795e-01 -3.826834e-01
    outer loop
      vertex   6.300000e+01 -1.703349e+02 1.787500e+02
      vertex   6.000000e+01 -1.703349e+02 1.787500e+02
      vertex   6.300000e+01 -1.700852e+02 1.781470e+02
    endloop
  endfacet
  facet normal -0.000000e+00 -9.238795e-01 -3.826834e-01
    outer loop
      vertex   6.300000e+01 -1.700852e+02 1.781470e+02
      vertex   6.000000e+01 -1.703349e+02 1.787500e+02
      vertex   6.000000e+01 -1.700852e+02 1.781470e+02
    endloop
  endfacet
  facet normal -0.000000e+00 -9.914449e-01 -1.305262e-01
    outer loop
      vertex   6.300000e+01 -1.700852e+02 1.781470e+02
      vertex   6.000000e+01 -1.700852e+02 1.781470e+02
      vertex   6.300000e+01 -1.700000e+02 1.775000e+02
    endloop
  endfacet
  facet normal -0.000000e+00 -9.914449e-01 -1.305262e-01
    outer loop
      vertex   6.300000e+01 -1.700000e+02 1.775000e+02
      vertex   6.000000e+01 -1.700852e+02 1.781470e+02
      vertex   6.000000e+01 -1.700000e+02 1.775000e+02
    endloop
  endfacet
  facet normal 0.000000e+00 0.000000e+00 -1.000000e+00
    outer loop
      vertex   6.000000e+01 -1.775000e+02 1.800000e+02
      vertex   6.000000e+01 -1.725000e+02 1.800000e+02
      vertex   6.300000e+01 -1.775000e+02 1.800000e+02
    endloop
  endfacet
  facet normal 0.000000e+00 0.000000e+00 -1.000000e+00
    outer loop
      vertex   6.300000e+01 -1.775000e+02 1.800000e+02
      vertex   6.000000e+01 -1.725000e+02 1.800000e+02
      vertex   6.300000e+01 -1.725000e+02 1.800000e+02
    endloop
  endfacet
  facet normal 0.000000e+00 9.914449e-01 -1.305262e-01
    outer loop
      vertex   6.300000e+01 -1.800000e+02 1.775000e+02
      vertex   6.000000e+01 -1.800000e+02 1.775000e+02
      vertex   6.300000e+01 -1.799148e+02 1.781470e+02
    endloop
  endfacet
  facet normal 0.000000e+00 9.914449e-01 -1.305262e-01
    outer loop
      vertex   6.300000e+01 -1.799148e+02 1.781470e+02
      vertex   6.000000e+01 -1.800000e+02 1.775000e+02
      vertex   6.000000e+01 -1.799148e+02 1.781470e+02
    endloop
  endfacet
  facet normal 0.000000e+00 9.238795e-01 -3.826834e-01
    outer loop
      vertex   6.300000e+01 -1.799148e+02 1.781470e+02
      vertex   6.000000e+01 -1.799148e+02 1.781470e+02
      vertex   6.300000e+01 -1.796651e+02 1.787500e+02
    endloop
  endfacet
  facet normal 0.000000e+00 9.238795e-01 -3.826834e-01
    outer loop
      vertex   6.300000e+01 -1.796651e+02 1.787500e+02
      vertex   6.000000e+01 -1.799148e+02 1.781470e+02
      vertex   6.000000e+01 -1.796651e+02 1.787500e+02
    endloop
  endfacet
  facet normal 0.000000e+00 7.933533e-01 -6.087614e-01
    outer loop
      vertex   6.300000e+01 -1.796651e+02 1.787500e+02
      vertex   6.000000e+01 -1.796651e+02 1.787500e+02
      vertex   6.300000e+01 -1.792678e+02 1.792678e+02
    endloop
  endfacet
  facet normal 0.000000e+00 7.933533e-01 -6.087614e-01
    outer loop
      vertex   6.300000e+01 -1.792678e+02 1.792678e+02
      vertex   6.000000e+01 -1.796651e+02 1.787500e+02
      vertex   6.000000e+01 -1.792678e+02 1.792678e+02
    endloop
  endfacet
  facet normal 0.000000e+00 6.087614e-01 -7.933533e-01
    outer loop
      vertex   6.300000e+01 -1.792678e+02 1.792678e+02
      vertex   6.000000e+01 -1.792678e+02 1.792678e+02
      vertex   6.300000e+01 -1.787500e+02 1.796651e+02
    endloop
  endfacet
  facet normal 0.000000e+00 6.087614e-01 -7.933533e-01
    outer loop
      vertex   6.300000e+01 -1.787500e+02 1.796651e+02
      vertex   6.000000e+01 -1.792678e+02 1.792678e+02
      vertex   6.000000e+01 -1.787500e+02 1.796651e+02
    endloop
  endfacet
  facet normal 0.000000e+00 3.826834e-01 -9.238795e-01
    outer loop
      vertex   6.300000e+01 -1.787500e+02 1.796651e+02
      vertex   6.000000e+01 -1.787500e+02 1.796651e+02
      vertex   6.300000e+01 -1.781470e+02 1.799148e+02
    endloop
  endfacet
  facet normal 0.000000e+00 3.826834e-01 -9.238795e-01
    outer loop
      vertex   6.300000e+01 -1.781470e+02 1.799148e+02
      vertex   6.000000e+01 -1.787500e+02 1.796651e+02
      vertex   6.000000e+01 -1.781470e+02 1.799148e+02
    endloop
  endfacet
  facet normal 0.000000e+00 1.305262e-01 -9.914449e-01
    outer loop
      vertex   6.300000e+01 -1.781470e+02 1.799148e+02
      vertex   6.000000e+01 -1.781470e+02 1.799148e+02
      vertex   6.300000e+01 -1.775000e+02 1.800000e+02
    endloop
  endfacet
  facet normal 0.000000e+00 1.305262e-01 -9.914449e-01
    outer loop
      vertex   6.300000e+01 -1.775000e+02 1.800000e+02
      vertex   6.000000e+01 -1.781470e+02 1.799148e+02
      vertex   6.000000e+01 -1.775000e+02 1.800000e+02
    endloop
  endfacet
  facet normal 0.000000e+00 1.000000e+00 0.000000e+00
    outer loop
      vertex   6.000000e+01 -1.800000e+02 3.250000e+01
      vertex   6.000000e+01 -1.800000e+02 1.775000e+02
      vertex   6.300000e+01 -1.800000e+02 3.250000e+01
    endloop
  endfacet
  facet normal 0.000000e+00 1.000000e+00 -0.000000e+00
    outer loop
      vertex   6.300000e+01 -1.800000e+02 3.250000e+01
      vertex   6.000000e+01 -1.800000e+02 1.775000e+02
      vertex   6.300000e+01 -1.800000e+02 1.775000e+02
    endloop
  endfacet
  facet normal 2.348213e-15 1.305262e-01 9.914449e-01
    outer loop
      vertex   6.300000e+01 -1.775000e+02 3.000000e+01
      vertex   6.000000e+01 -1.775000e+02 3.000000e+01
      vertex   6.300000e+01 -1.781470e+02 3.008519e+01
    endloop
  endfacet
  facet normal 0.000000e+00 1.305262e-01 9.914449e-01
    outer loop
      vertex   6.300000e+01 -1.781470e+02 3.008519e+01
      vertex   6.000000e+01 -1.775000e+02 3.000000e+01
      vertex   6.000000e+01 -1.781470e+02 3.008519e+01
    endloop
  endfacet
  facet normal 0.000000e+00 3.826834e-01 9.238795e-01
    outer loop
      vertex   6.300000e+01 -1.781470e+02 3.008519e+01
      vertex   6.000000e+01 -1.781470e+02 3.008519e+01
      vertex   6.300000e+01 -1.787500e+02 3.033494e+01
    endloop
  endfacet
  facet normal 0.000000e+00 3.826834e-01 9.238795e-01
    outer loop
      vertex   6.300000e+01 -1.787500e+02 3.033494e+01
      vertex   6.000000e+01 -1.781470e+02 3.008519e+01
      vertex   6.000000e+01 -1.787500e+02 3.033494e+01
    endloop
  endfacet
  facet normal 0.000000e+00 6.087614e-01 7.933533e-01
    outer loop
      vertex   6.300000e+01 -1.787500e+02 3.033494e+01
      vertex   6.000000e+01 -1.787500e+02 3.033494e+01
      vertex   6.300000e+01 -1.792678e+02 3.073223e+01
    endloop
  endfacet
  facet normal 0.000000e+00 6.087614e-01 7.933533e-01
    outer loop
      vertex   6.300000e+01 -1.792678e+02 3.073223e+01
      vertex   6.000000e+01 -1.787500e+02 3.033494e+01
      vertex   6.000000e+01 -1.792678e+02 3.073223e+01
    endloop
  endfacet
  facet normal 0.000000e+00 7.933533e-01 6.087614e-01
    outer loop
      vertex   6.300000e+01 -1.792678e+02 3.073223e+01
      vertex   6.000000e+01 -1.792678e+02 3.073223e+01
      vertex   6.300000e+01 -1.796651e+02 3.125000e+01
    endloop
  endfacet
  facet normal 0.000000e+00 7.933533e-01 6.087614e-01
    outer loop
      vertex   6.300000e+01 -1.796651e+02 3.125000e+01
      vertex   6.000000e+01 -1.792678e+02 3.073223e+01
      vertex   6.000000e+01 -1.796651e+02 3.125000e+01
    endloop
  endfacet
  facet normal 0.000000e+00 9.238795e-01 3.826834e-01
    outer loop
      vertex   6.300000e+01 -1.796651e+02 3.125000e+01
      vertex   6.000000e+01 -1.796651e+02 3.125000e+01
      vertex   6.300000e+01 -1.799148e+02 3.185295e+01
    endloop
  endfacet
  facet normal 0.000000e+00 9.238795e-01 3.826834e-01
    outer loop
      vertex   6.300000e+01 -1.799148e+02 3.185295e+01
      vertex   6.000000e+01 -1.796651e+02 3.125000e+01
      vertex   6.000000e+01 -1.799148e+02 3.185295e+01
    endloop
  endfacet
  facet normal 0.000000e+00 9.914449e-01 1.305262e-01
    outer loop
      vertex   6.300000e+01 -1.799148e+02 3.185295e+01
      vertex   6.000000e+01 -1.799148e+02 3.185295e+01
      vertex   6.300000e+01 -1.800000e+02 3.250000e+01
    endloop
  endfacet
  facet normal 0.000000e+00 9.914449e-01 1.305262e-01
    outer loop
      vertex   6.300000e+01 -1.800000e+02 3.250000e+01
      vertex   6.000000e+01 -1.799148e+02 3.185295e+01
      vertex   6.000000e+01 -1.800000e+02 3.250000e+01
    endloop
  endfacet
  facet normal 0.000000e+00 -2.131628e-15 1.000000e+00
    outer loop
      vertex   6.000000e+01 -1.725000e+02 3.000000e+01
      vertex   6.000000e+01 -1.775000e+02 3.000000e+01
      vertex   6.300000e+01 -1.725000e+02 3.000000e+01
    endloop
  endfacet
  facet normal 2.368476e-15 -3.552714e-15 1.000000e+00
    outer loop
      vertex   6.300000e+01 -1.725000e+02 3.000000e+01
      vertex   6.000000e+01 -1.775000e+02 3.000000e+01
      vertex   6.300000e+01 -1.775000e+02 3.000000e+01
    endloop
  endfacet
  facet normal 3.091481e-16 -9.914449e-01 1.305262e-01
    outer loop
      vertex   6.300000e+01 -1.700000e+02 3.250000e+01
      vertex   6.000000e+01 -1.700000e+02 3.250000e+01
      vertex   6.300000e+01 -1.700852e+02 3.185295e+01
    endloop
  endfacet
  facet normal 0.000000e+00 -9.914449e-01 1.305262e-01
    outer loop
      vertex   6.300000e+01 -1.700852e+02 3.185295e+01
      vertex   6.000000e+01 -1.700000e+02 3.250000e+01
      vertex   6.000000e+01 -1.700852e+02 3.185295e+01
    endloop
  endfacet
  facet normal 0.000000e+00 -9.238795e-01 3.826834e-01
    outer loop
      vertex   6.300000e+01 -1.700852e+02 3.185295e+01
      vertex   6.000000e+01 -1.700852e+02 3.185295e+01
      vertex   6.300000e+01 -1.703349e+02 3.125000e+01
    endloop
  endfacet
  facet normal 0.000000e+00 -9.238795e-01 3.826834e-01
    outer loop
      vertex   6.300000e+01 -1.703349e+02 3.125000e+01
      vertex   6.000000e+01 -1.700852e+02 3.185295e+01
      vertex   6.000000e+01 -1.703349e+02 3.125000e+01
    endloop
  endfacet
  facet normal 0.000000e+00 -7.933533e-01 6.087614e-01
    outer loop
      vertex   6.300000e+01 -1.703349e+02 3.125000e+01
      vertex   6.000000e+01 -1.703349e+02 3.125000e+01
      vertex   6.300000e+01 -1.707322e+02 3.073223e+01
    endloop
  endfacet
  facet normal 0.000000e+00 -7.933533e-01 6.087614e-01
    outer loop
      vertex   6.300000e+01 -1.707322e+02 3.073223e+01
      vertex   6.000000e+01 -1.703349e+02 3.125000e+01
      vertex   6.000000e+01 -1.707322e+02 3.073223e+01
    endloop
  endfacet
  facet normal 0.000000e+00 -6.087614e-01 7.933533e-01
    outer loop
      vertex   6.300000e+01 -1.707322e+02 3.073223e+01
      vertex   6.000000e+01 -1.707322e+02 3.073223e+01
      vertex   6.300000e+01 -1.712500e+02 3.033494e+01
    endloop
  endfacet
  facet normal 0.000000e+00 -6.087614e-01 7.933533e-01
    outer loop
      vertex   6.300000e+01 -1.712500e+02 3.033494e+01
      vertex   6.000000e+01 -1.707322e+02 3.073223e+01
      vertex   6.000000e+01 -1.712500e+02 3.033494e+01
    endloop
  endfacet
  facet normal 0.000000e+00 -3.826834e-01 9.238795e-01
    outer loop
      vertex   6.300000e+01 -1.712500e+02 3.033494e+01
      vertex   6.000000e+01 -1.712500e+02 3.033494e+01
      vertex   6.300000e+01 -1.718530e+02 3.008519e+01
    endloop
  endfacet
  facet normal 0.000000e+00 -3.826834e-01 9.238795e-01
    outer loop
      vertex   6.300000e+01 -1.718530e+02 3.008519e+01
      vertex   6.000000e+01 -1.712500e+02 3.033494e+01
      vertex   6.000000e+01 -1.718530e+02 3.008519e+01
    endloop
  endfacet
  facet normal 0.000000e+00 -1.305262e-01 9.914449e-01
    outer loop
      vertex   6.300000e+01 -1.718530e+02 3.008519e+01
      vertex   6.000000e+01 -1.718530e+02 3.008519e+01
      vertex   6.300000e+01 -1.725000e+02 3.000000e+01
    endloop
  endfacet
  facet normal 0.000000e+00 -1.305262e-01 9.914449e-01
    outer loop
      vertex   6.300000e+01 -1.725000e+02 3.000000e+01
      vertex   6.000000e+01 -1.718530e+02 3.008519e+01
      vertex   6.000000e+01 -1.725000e+02 3.000000e+01
    endloop
  endfacet
  facet normal 0.000000e+00 -1.000000e+00 0.000000e+00
    outer loop
      vertex   6.000000e+01 -1.700000e+02 1.775000e+02
      vertex   6.000000e+01 -1.700000e+02 3.250000e+01
      vertex   6.300000e+01 -1.700000e+02 1.775000e+02
    endloop
  endfacet
  facet normal 0.000000e+00 -1.000000e+00 -0.000000e+00
    outer loop
      vertex   6.300000e+01 -1.700000e+02 1.775000e+02
      vertex   6.000000e+01 -1.700000e+02 3.250000e+01
      vertex   6.300000e+01 -1.700000e+02 3.250000e+01
    endloop
  endfacet
  facet normal -1.000000e+00 -0.000000e+00 -0.000000e+00
    outer loop
      vertex   6.300000e+01 -2.318530e+02 1.799148e+02
      vertex   6.300000e+01 -2.318530e+02 3.008519e+01
      vertex   6.300000e+01 -2.325000e+02 1.800000e+02
    endloop
  endfacet
  facet normal -1.000000e+00 0.000000e+00 0.000000e+00
    outer loop
      vertex   6.300000e+01 -2.325000e+02 1.800000e+02
      vertex   6.300000e+01 -2.318530e+02 3.008519e+01
      vertex   6.300000e+01 -2.325000e+02 3.000000e+01
    endloop
  endfacet
  facet normal -1.000000e+00 0.000000e+00 -0.000000e+00
    outer loop
      vertex   6.300000e+01 -2.325000e+02 1.800000e+02
      vertex   6.300000e+01 -2.325000e+02 3.000000e+01
      vertex   6.300000e+01 -2.375000e+02 3.000000e+01
    endloop
  endfacet
  facet normal -1.000000e+00 0.000000e+00 0.000000e+00
    outer loop
      vertex   6.300000e+01 -2.318530e+02 3.008519e+01
      vertex   6.300000e+01 -2.318530e+02 1.799148e+02
      vertex   6.300000e+01 -2.312500e+02 3.033494e+01
    endloop
  endfacet
  facet normal -1.000000e+00 0.000000e+00 0.000000e+00
    outer loop
      vertex   6.300000e+01 -2.312500e+02 3.033494e+01
      vertex   6.300000e+01 -2.318530e+02 1.799148e+02
      vertex   6.300000e+01 -2.312500e+02 1.796651e+02
    endloop
  endfacet
  facet normal -1.000000e+00 0.000000e+00 0.000000e+00
    outer loop
      vertex   6.300000e+01 -2.312500e+02 3.033494e+01
      vertex   6.300000e+01 -2.312500e+02 1.796651e+02
      vertex   6.300000e+01 -2.307322e+02 3.073223e+01
    endloop
  endfacet
  facet normal -1.000000e+00 0.000000e+00 0.000000e+00
    outer loop
      vertex   6.300000e+01 -2.307322e+02 3.073223e+01
      vertex   6.300000e+01 -2.312500e+02 1.796651e+02
      vertex   6.300000e+01 -2.307322e+02 1.792678e+02
    endloop
  endfacet
  facet normal -1.000000e+00 0.000000e+00 0.000000e+00
    outer loop
      vertex   6.300000e+01 -2.307322e+02 3.073223e+01
      vertex   6.300000e+01 -2.307322e+02 1.792678e+02
      vertex   6.300000e+01 -2.300000e+02 3.250000e+01
    endloop
  endfacet
  facet normal -1.000000e+00 0.000000e+00 0.000000e+00
    outer loop
      vertex   6.300000e+01 -2.300000e+02 3.250000e+01
      vertex   6.300000e+01 -2.307322e+02 1.792678e+02
      vertex   6.300000e+01 -2.300000e+02 1.775000e+02
    endloop
  endfacet
  facet normal -1.000000e+00 0.000000e+00 0.000000e+00
    outer loop
      vertex   6.300000e+01 -2.300000e+02 1.775000e+02
      vertex   6.300000e+01 -2.307322e+02 1.792678e+02
      vertex   6.300000e+01 -2.303349e+02 1.787500e+02
    endloop
  endfacet
  facet normal -1.000000e+00 0.000000e+00 0.000000e+00
    outer loop
      vertex   6.300000e+01 -2.300000e+02 1.775000e+02
      vertex   6.300000e+01 -2.303349e+02 1.787500e+02
      vertex   6.300000e+01 -2.300852e+02 1.781470e+02
    endloop
  endfacet
  facet normal -1.000000e+00 -0.000000e+00 0.000000e+00
    outer loop
      vertex   6.300000e+01 -2.300852e+02 3.185295e+01
      vertex   6.300000e+01 -2.303349e+02 3.125000e+01
      vertex   6.300000e+01 -2.300000e+02 3.250000e+01
    endloop
  endfacet
  facet normal -1.000000e+00 0.000000e+00 0.000000e+00
    outer loop
      vertex   6.300000e+01 -2.300000e+02 3.250000e+01
      vertex   6.300000e+01 -2.303349e+02 3.125000e+01
      vertex   6.300000e+01 -2.307322e+02 3.073223e+01
    endloop
  endfacet
  facet normal -1.000000e+00 -0.000000e+00 0.000000e+00
    outer loop
      vertex   6.300000e+01 -2.325000e+02 1.800000e+02
      vertex   6.300000e+01 -2.375000e+02 3.000000e+01
      vertex   6.300000e+01 -2.375000e+02 1.800000e+02
    endloop
  endfacet
  facet normal -1.000000e+00 0.000000e+00 -0.000000e+00
    outer loop
      vertex   6.300000e+01 -2.375000e+02 1.800000e+02
      vertex   6.300000e+01 -2.375000e+02 3.000000e+01
      vertex   6.300000e+01 -2.381470e+02 3.008519e+01
    endloop
  endfacet
  facet normal -1.000000e+00 0.000000e+00 0.000000e+00
    outer loop
      vertex   6.300000e+01 -2.375000e+02 1.800000e+02
      vertex   6.300000e+01 -2.381470e+02 3.008519e+01
      vertex   6.300000e+01 -2.381470e+02 1.799148e+02
    endloop
  endfacet
  facet normal -1.000000e+00 0.000000e+00 -0.000000e+00
    outer loop
      vertex   6.300000e+01 -2.381470e+02 1.799148e+02
      vertex   6.300000e+01 -2.381470e+02 3.008519e+01
      vertex   6.300000e+01 -2.387500e+02 3.033494e+01
    endloop
  endfacet
  facet normal -1.000000e+00 0.000000e+00 0.000000e+00
    outer loop
      vertex   6.300000e+01 -2.381470e+02 1.799148e+02
      vertex   6.300000e+01 -2.387500e+02 3.033494e+01
      vertex   6.300000e+01 -2.387500e+02 1.796651e+02
    endloop
  endfacet
  facet normal -1.000000e+00 0.000000e+00 -0.000000e+00
    outer loop
      vertex   6.300000e+01 -2.387500e+02 1.796651e+02
      vertex   6.300000e+01 -2.387500e+02 3.033494e+01
      vertex   6.300000e+01 -2.392678e+02 3.073223e+01
    endloop
  endfacet
  facet normal -1.000000e+00 0.000000e+00 0.000000e+00
    outer loop
      vertex   6.300000e+01 -2.387500e+02 1.796651e+02
      vertex   6.300000e+01 -2.392678e+02 3.073223e+01
      vertex   6.300000e+01 -2.392678e+02 1.792678e+02
    endloop
  endfacet
  facet normal -1.000000e+00 0.000000e+00 -0.000000e+00
    outer loop
      vertex   6.300000e+01 -2.392678e+02 1.792678e+02
      vertex   6.300000e+01 -2.392678e+02 3.073223e+01
      vertex   6.300000e+01 -2.400000e+02 3.250000e+01
    endloop
  endfacet
  facet normal -1.000000e+00 0.000000e+00 0.000000e+00
    outer loop
      vertex   6.300000e+01 -2.392678e+02 1.792678e+02
      vertex   6.300000e+01 -2.400000e+02 3.250000e+01
      vertex   6.300000e+01 -2.400000e+02 1.775000e+02
    endloop
  endfacet
  facet normal -1.000000e+00 0.000000e+00 0.000000e+00
    outer loop
      vertex   6.300000e+01 -2.392678e+02 3.073223e+01
      vertex   6.300000e+01 -2.396651e+02 3.125000e+01
      vertex   6.300000e+01 -2.400000e+02 3.250000e+01
    endloop
  endfacet
  facet normal -1.000000e+00 0.000000e+00 0.000000e+00
    outer loop
      vertex   6.300000e+01 -2.400000e+02 3.250000e+01
      vertex   6.300000e+01 -2.396651e+02 3.125000e+01
      vertex   6.300000e+01 -2.399148e+02 3.185295e+01
    endloop
  endfacet
  facet normal -1.000000e+00 0.000000e+00 -0.000000e+00
    outer loop
      vertex   6.300000e+01 -2.399148e+02 1.781470e+02
      vertex   6.300000e+01 -2.396651e+02 1.787500e+02
      vertex   6.300000e+01 -2.400000e+02 1.775000e+02
    endloop
  endfacet
  facet normal -1.000000e+00 0.000000e+00 0.000000e+00
    outer loop
      vertex   6.300000e+01 -2.400000e+02 1.775000e+02
      vertex   6.300000e+01 -2.396651e+02 1.787500e+02
      vertex   6.300000e+01 -2.392678e+02 1.792678e+02
    endloop
  endfacet
  facet normal -0.000000e+00 -1.305262e-01 -9.914449e-01
    outer loop
      vertex   6.300000e+01 -2.325000e+02 1.800000e+02
      vertex   6.000000e+01 -2.325000e+02 1.800000e+02
      vertex   6.300000e+01 -2.318530e+02 1.799148e+02
    endloop
  endfacet
  facet normal -0.000000e+00 -1.305262e-01 -9.914449e-01
    outer loop
      vertex   6.300000e+01 -2.318530e+02 1.799148e+02
      vertex   6.000000e+01 -2.325000e+02 1.800000e+02
      vertex   6.000000e+01 -2.318530e+02 1.799148e+02
    endloop
  endfacet
  facet normal -0.000000e+00 -3.826834e-01 -9.238795e-01
    outer loop
      vertex   6.300000e+01 -2.318530e+02 1.799148e+02
      vertex   6.000000e+01 -2.318530e+02 1.799148e+02
      vertex   6.300000e+01 -2.312500e+02 1.796651e+02
    endloop
  endfacet
  facet normal -0.000000e+00 -3.826834e-01 -9.238795e-01
    outer loop
      vertex   6.300000e+01 -2.312500e+02 1.796651e+02
      vertex   6.000000e+01 -2.318530e+02 1.799148e+02
      vertex   6.000000e+01 -2.312500e+02 1.796651e+02
    endloop
  endfacet
  facet normal -0.000000e+00 -6.087614e-01 -7.933533e-01
    outer loop
      vertex   6.300000e+01 -2.312500e+02 1.796651e+02
      vertex   6.000000e+01 -2.312500e+02 1.796651e+02
      vertex   6.300000e+01 -2.307322e+02 1.792678e+02
    endloop
  endfacet
  facet normal -0.000000e+00 -6.087614e-01 -7.933533e-01
    outer loop
      vertex   6.300000e+01 -2.307322e+02 1.792678e+02
      vertex   6.000000e+01 -2.312500e+02 1.796651e+02
      vertex   6.000000e+01 -2.307322e+02 1.792678e+02
    endloop
  endfacet
  facet normal -0.000000e+00 -7.933533e-01 -6.087614e-01
    outer loop
      vertex   6.300000e+01 -2.307322e+02 1.792678e+02
      vertex   6.000000e+01 -2.307322e+02 1.792678e+02
      vertex   6.300000e+01 -2.303349e+02 1.787500e+02
    endloop
  endfacet
  facet normal -0.000000e+00 -7.933533e-01 -6.087614e-01
    outer loop
      vertex   6.300000e+01 -2.303349e+02 1.787500e+02
      vertex   6.000000e+01 -2.307322e+02 1.792678e+02
      vertex   6.000000e+01 -2.303349e+02 1.787500e+02
    endloop
  endfacet
  facet normal -0.000000e+00 -9.238795e-01 -3.826834e-01
    outer loop
      vertex   6.300000e+01 -2.303349e+02 1.787500e+02
      vertex   6.000000e+01 -2.303349e+02 1.787500e+02
      vertex   6.300000e+01 -2.300852e+02 1.781470e+02
    endloop
  endfacet
  facet normal -0.000000e+00 -9.238795e-01 -3.826834e-01
    outer loop
      vertex   6.300000e+01 -2.300852e+02 1.781470e+02
      vertex   6.000000e+01 -2.303349e+02 1.787500e+02
      vertex   6.000000e+01 -2.300852e+02 1.781470e+02
    endloop
  endfacet
  facet normal -0.000000e+00 -9.914449e-01 -1.305262e-01
    outer loop
      vertex   6.300000e+01 -2.300852e+02 1.781470e+02
      vertex   6.000000e+01 -2.300852e+02 1.781470e+02
      vertex   6.300000e+01 -2.300000e+02 1.775000e+02
    endloop
  endfacet
  facet normal -0.000000e+00 -9.914449e-01 -1.305262e-01
    outer loop
      vertex   6.300000e+01 -2.300000e+02 1.775000e+02
      vertex   6.000000e+01 -2.300852e+02 1.781470e+02
      vertex   6.000000e+01 -2.300000e+02 1.775000e+02
    endloop
  endfacet
  facet normal 0.000000e+00 0.000000e+00 -1.000000e+00
    outer loop
      vertex   6.000000e+01 -2.375000e+02 1.800000e+02
      vertex   6.000000e+01 -2.325000e+02 1.800000e+02
      vertex   6.300000e+01 -2.375000e+02 1.800000e+02
    endloop
  endfacet
  facet normal 0.000000e+00 0.000000e+00 -1.000000e+00
    outer loop
      vertex   6.300000e+01 -2.375000e+02 1.800000e+02
      vertex   6.000000e+01 -2.325000e+02 1.800000e+02
      vertex   6.300000e+01 -2.325000e+02 1.800000e+02
    endloop
  endfacet
  facet normal 0.000000e+00 9.914449e-01 -1.305262e-01
    outer loop
      vertex   6.300000e+01 -2.400000e+02 1.775000e+02
      vertex   6.000000e+01 -2.400000e+02 1.775000e+02
      vertex   6.300000e+01 -2.399148e+02 1.781470e+02
    endloop
  endfacet
  facet normal 0.000000e+00 9.914449e-01 -1.305262e-01
    outer loop
      vertex   6.300000e+01 -2.399148e+02 1.781470e+02
      vertex   6.000000e+01 -2.400000e+02 1.775000e+02
      vertex   6.000000e+01 -2.399148e+02 1.781470e+02
    endloop
  endfacet
  facet normal 0.000000e+00 9.238795e-01 -3.826834e-01
    outer loop
      vertex   6.300000e+01 -2.399148e+02 1.781470e+02
      vertex   6.000000e+01 -2.399148e+02 1.781470e+02
      vertex   6.300000e+01 -2.396651e+02 1.787500e+02
    endloop
  endfacet
  facet normal 0.000000e+00 9.238795e-01 -3.826834e-01
    outer loop
      vertex   6.300000e+01 -2.396651e+02 1.787500e+02
      vertex   6.000000e+01 -2.399148e+02 1.781470e+02
      vertex   6.000000e+01 -2.396651e+02 1.787500e+02
    endloop
  endfacet
  facet normal 0.000000e+00 7.933533e-01 -6.087614e-01
    outer loop
      vertex   6.300000e+01 -2.396651e+02 1.787500e+02
      vertex   6.000000e+01 -2.396651e+02 1.787500e+02
      vertex   6.300000e+01 -2.392678e+02 1.792678e+02
    endloop
  endfacet
  facet normal 0.000000e+00 7.933533e-01 -6.087614e-01
    outer loop
      vertex   6.300000e+01 -2.392678e+02 1.792678e+02
      vertex   6.000000e+01 -2.396651e+02 1.787500e+02
      vertex   6.000000e+01 -2.392678e+02 1.792678e+02
    endloop
  endfacet
  facet normal 0.000000e+00 6.087614e-01 -7.933533e-01
    outer loop
      vertex   6.300000e+01 -2.392678e+02 1.792678e+02
      vertex   6.000000e+01 -2.392678e+02 1.792678e+02
      vertex   6.300000e+01 -2.387500e+02 1.796651e+02
    endloop
  endfacet
  facet normal 0.000000e+00 6.087614e-01 -7.933533e-01
    outer loop
      vertex   6.300000e+01 -2.387500e+02 1.796651e+02
      vertex   6.000000e+01 -2.392678e+02 1.792678e+02
      vertex   6.000000e+01 -2.387500e+02 1.796651e+02
    endloop
  endfacet
  facet normal 0.000000e+00 3.826834e-01 -9.238795e-01
    outer loop
      vertex   6.300000e+01 -2.387500e+02 1.796651e+02
      vertex   6.000000e+01 -2.387500e+02 1.796651e+02
      vertex   6.300000e+01 -2.381470e+02 1.799148e+02
    endloop
  endfacet
  facet normal 0.000000e+00 3.826834e-01 -9.238795e-01
    outer loop
      vertex   6.300000e+01 -2.381470e+02 1.799148e+02
      vertex   6.000000e+01 -2.387500e+02 1.796651e+02
      vertex   6.000000e+01 -2.381470e+02 1.799148e+02
    endloop
  endfacet
  facet normal 0.000000e+00 1.305262e-01 -9.914449e-01
    outer loop
      vertex   6.300000e+01 -2.381470e+02 1.799148e+02
      vertex   6.000000e+01 -2.381470e+02 1.799148e+02
      vertex   6.300000e+01 -2.375000e+02 1.800000e+02
    endloop
  endfacet
  facet normal 0.000000e+00 1.305262e-01 -9.914449e-01
    outer loop
      vertex   6.300000e+01 -2.375000e+02 1.800000e+02
      vertex   6.000000e+01 -2.381470e+02 1.799148e+02
      vertex   6.000000e+01 -2.375000e+02 1.800000e+02
    endloop
  endfacet
  facet normal 0.000000e+00 1.000000e+00 0.000000e+00
    outer loop
      vertex   6.000000e+01 -2.400000e+02 3.250000e+01
      vertex   6.000000e+01 -2.400000e+02 1.775000e+02
      vertex   6.300000e+01 -2.400000e+02 3.250000e+01
    endloop
  endfacet
  facet normal 0.000000e+00 1.000000e+00 -0.000000e+00
    outer loop
      vertex   6.300000e+01 -2.400000e+02 3.250000e+01
      vertex   6.000000e+01 -2.400000e+02 1.775000e+02
      vertex   6.300000e+01 -2.400000e+02 1.775000e+02
    endloop
  endfacet
  facet normal 2.348213e-15 1.305262e-01 9.914449e-01
    outer loop
      vertex   6.300000e+01 -2.375000e+02 3.000000e+01
      vertex   6.000000e+01 -2.375000e+02 3.000000e+01
      vertex   6.300000e+01 -2.381470e+02 3.008519e+01
    endloop
  endfacet
  facet normal 0.000000e+00 1.305262e-01 9.914449e-01
    outer loop
      vertex   6.300000e+01 -2.381470e+02 3.008519e+01
      vertex   6.000000e+01 -2.375000e+02 3.000000e+01
      vertex   6.000000e+01 -2.381470e+02 3.008519e+01
    endloop
  endfacet
  facet normal 0.000000e+00 3.826834e-01 9.238795e-01
    outer loop
      vertex   6.300000e+01 -2.381470e+02 3.008519e+01
      vertex   6.000000e+01 -2.381470e+02 3.008519e+01
      vertex   6.300000e+01 -2.387500e+02 3.033494e+01
    endloop
  endfacet
  facet normal 0.000000e+00 3.826834e-01 9.238795e-01
    outer loop
      vertex   6.300000e+01 -2.387500e+02 3.033494e+01
      vertex   6.000000e+01 -2.381470e+02 3.008519e+01
      vertex   6.000000e+01 -2.387500e+02 3.033494e+01
    endloop
  endfacet
  facet normal 0.000000e+00 6.087614e-01 7.933533e-01
    outer loop
      vertex   6.300000e+01 -2.387500e+02 3.033494e+01
      vertex   6.000000e+01 -2.387500e+02 3.033494e+01
      vertex   6.300000e+01 -2.392678e+02 3.073223e+01
    endloop
  endfacet
  facet normal 0.000000e+00 6.087614e-01 7.933533e-01
    outer loop
      vertex   6.300000e+01 -2.392678e+02 3.073223e+01
      vertex   6.000000e+01 -2.387500e+02 3.033494e+01
      vertex   6.000000e+01 -2.392678e+02 3.073223e+01
    endloop
  endfacet
  facet normal 0.000000e+00 7.933533e-01 6.087614e-01
    outer loop
      vertex   6.300000e+01 -2.392678e+02 3.073223e+01
      vertex   6.000000e+01 -2.392678e+02 3.073223e+01
      vertex   6.300000e+01 -2.396651e+02 3.125000e+01
    endloop
  endfacet
  facet normal 0.000000e+00 7.933533e-01 6.087614e-01
    outer loop
      vertex   6.300000e+01 -2.396651e+02 3.125000e+01
      vertex   6.000000e+01 -2.392678e+02 3.073223e+01
      vertex   6.000000e+01 -2.396651e+02 3.125000e+01
    endloop
  endfacet
  facet normal 0.000000e+00 9.238795e-01 3.826834e-01
    outer loop
      vertex   6.300000e+01 -2.396651e+02 3.125000e+01
      vertex   6.000000e+01 -2.396651e+02 3.125000e+01
      vertex   6.300000e+01 -2.399148e+02 3.185295e+01
    endloop
  endfacet
  facet normal 0.000000e+00 9.238795e-01 3.826834e-01
    outer loop
      vertex   6.300000e+01 -2.399148e+02 3.185295e+01
      vertex   6.000000e+01 -2.396651e+02 3.125000e+01
      vertex   6.000000e+01 -2.399148e+02 3.185295e+01
    endloop
  endfacet
  facet normal 0.000000e+00 9.914449e-01 1.305262e-01
    outer loop
      vertex   6.300000e+01 -2.399148e+02 3.185295e+01
      vertex   6.000000e+01 -2.399148e+02 3.185295e+01
      vertex   6.300000e+01 -2.400000e+02 3.250000e+01
    endloop
  endfacet
  facet normal 0.000000e+00 9.914449e-01 1.305262e-01
    outer loop
      vertex   6.300000e+01 -2.400000e+02 3.250000e+01
      vertex   6.000000e+01 -2.399148e+02 3.185295e+01
      vertex   6.000000e+01 -2.400000e+02 3.250000e+01
    endloop
  endfacet
  facet normal 0.000000e+00 -2.131628e-15 1.000000e+00
    outer loop
      vertex   6.000000e+01 -2.325000e+02 3.000000e+01
      vertex   6.000000e+01 -2.375000e+02 3.000000e+01
      vertex   6.300000e+01 -2.325000e+02 3.000000e+01
    endloop
  endfacet
  facet normal 2.368476e-15 -3.552714e-15 1.000000e+00
    outer loop
      vertex   6.300000e+01 -2.325000e+02 3.000000e+01
      vertex   6.000000e+01 -2.375000e+02 3.000000e+01
      vertex   6.300000e+01 -2.375000e+02 3.000000e+01
    endloop
  endfacet
  facet normal 3.091481e-16 -9.914449e-01 1.305262e-01
    outer loop
      vertex   6.300000e+01 -2.300000e+02 3.250000e+01
      vertex   6.000000e+01 -2.300000e+02 3.250000e+01
      vertex   6.300000e+01 -2.300852e+02 3.185295e+01
    endloop
  endfacet
  facet normal 0.000000e+00 -9.914449e-01 1.305262e-01
    outer loop
      vertex   6.300000e+01 -2.300852e+02 3.185295e+01
      vertex   6.000000e+01 -2.300000e+02 3.250000e+01
      vertex   6.000000e+01 -2.300852e+02 3.185295e+01
    endloop
  endfacet
  facet normal 0.000000e+00 -9.238795e-01 3.826834e-01
    outer loop
      vertex   6.300000e+01 -2.300852e+02 3.185295e+01
      vertex   6.000000e+01 -2.300852e+02 3.185295e+01
      vertex   6.300000e+01 -2.303349e+02 3.125000e+01
    endloop
  endfacet
  facet normal 0.000000e+00 -9.238795e-01 3.826834e-01
    outer loop
      vertex   6.300000e+01 -2.303349e+02 3.125000e+01
      vertex   6.000000e+01 -2.300852e+02 3.185295e+01
      vertex   6.000000e+01 -2.303349e+02 3.125000e+01
    endloop
  endfacet
  facet normal 0.000000e+00 -7.933533e-01 6.087614e-01
    outer loop
      vertex   6.300000e+01 -2.303349e+02 3.125000e+01
      vertex   6.000000e+01 -2.303349e+02 3.125000e+01
      vertex   6.300000e+01 -2.307322e+02 3.073223e+01
    endloop
  endfacet
  facet normal 0.000000e+00 -7.933533e-01 6.087614e-01
    outer loop
      vertex   6.300000e+01 -2.307322e+02 3.073223e+01
      vertex   6.000000e+01 -2.303349e+02 3.125000e+01
      vertex   6.000000e+01 -2.307322e+02 3.073223e+01
    endloop
  endfacet
  facet normal 0.000000e+00 -6.087614e-01 7.933533e-01
    outer loop
      vertex   6.300000e+01 -2.307322e+02 3.073223e+01
      vertex   6.000000e+01 -2.307322e+02 3.073223e+01
      vertex   6.300000e+01 -2.312500e+02 3.033494e+01
    endloop
  endfacet
  facet normal 0.000000e+00 -6.087614e-01 7.933533e-01
    outer loop
      vertex   6.300000e+01 -2.312500e+02 3.033494e+01
      vertex   6.000000e+01 -2.307322e+02 3.073223e+01
      vertex   6.000000e+01 -2.312500e+02 3.033494e+01
    endloop
  endfacet
  facet normal 0.000000e+00 -3.826834e-01 9.238795e-01
    outer loop
      vertex   6.300000e+01 -2.312500e+02 3.033494e+01
      vertex   6.000000e+01 -2.312500e+02 3.033494e+01
      vertex   6.300000e+01 -2.318530e+02 3.008519e+01
    endloop
  endfacet
  facet normal 0.000000e+00 -3.826834e-01 9.238795e-01
    outer loop
      vertex   6.300000e+01 -2.318530e+02 3.008519e+01
      vertex   6.000000e+01 -2.312500e+02 3.033494e+01
      vertex   6.000000e+01 -2.318530e+02 3.008519e+01
    endloop
  endfacet
  facet normal 0.000000e+00 -1.305262e-01 9.914449e-01
    outer loop
      vertex   6.300000e+01 -2.318530e+02 3.008519e+01
      vertex   6.000000e+01 -2.318530e+02 3.008519e+01
      vertex   6.300000e+01 -2.325000e+02 3.000000e+01
    endloop
  endfacet
  facet normal 0.000000e+00 -1.305262e-01 9.914449e-01
    outer loop
      vertex   6.300000e+01 -2.325000e+02 3.000000e+01
      vertex   6.000000e+01 -2.318530e+02 3.008519e+01
      vertex   6.000000e+01 -2.325000e+02 3.000000e+01
    endloop
  endfacet
  facet normal 0.000000e+00 -1.000000e+00 0.000000e+00
    outer loop
      vertex   6.000000e+01 -2.300000e+02 1.775000e+02
      vertex   6.000000e+01 -2.300000e+02 3.250000e+01
      vertex   6.300000e+01 -2.300000e+02 1.775000e+02
    endloop
  endfacet
  facet normal 0.000000e+00 -1.000000e+00 -0.000000e+00
    outer loop
      vertex   6.300000e+01 -2.300000e+02 1.775000e+02
      vertex   6.000000e+01 -2.300000e+02 3.250000e+01
      vertex   6.300000e+01 -2.300000e+02 3.250000e+01
    endloop
  endfacet
  facet normal -1.000000e+00 -0.000000e+00 -0.000000e+00
    outer loop
      vertex   6.300000e+01 -1.918530e+02 1.799148e+02
      vertex   6.300000e+01 -1.918530e+02 3.008519e+01
      vertex   6.300000e+01 -1.925000e+02 1.800000e+02
    endloop
  endfacet
  facet normal -1.000000e+00 0.000000e+00 0.000000e+00
    outer loop
      vertex   6.300000e+01 -1.925000e+02 1.800000e+02
      vertex   6.300000e+01 -1.918530e+02 3.008519e+01
      vertex   6.300000e+01 -1.925000e+02 3.000000e+01
    endloop
  endfacet
  facet normal -1.000000e+00 0.000000e+00 -0.000000e+00
    outer loop
      vertex   6.300000e+01 -1.925000e+02 1.800000e+02
      vertex   6.300000e+01 -1.925000e+02 3.000000e+01
      vertex   6.300000e+01 -1.975000e+02 3.000000e+01
    endloop
  endfacet
  facet normal -1.000000e+00 0.000000e+00 0.000000e+00
    outer loop
      vertex   6.300000e+01 -1.918530e+02 3.008519e+01
      vertex   6.300000e+01 -1.918530e+02 1.799148e+02
      vertex   6.300000e+01 -1.912500e+02 3.033494e+01
    endloop
  endfacet
  facet normal -1.000000e+00 0.000000e+00 0.000000e+00
    outer loop
      vertex   6.300000e+01 -1.912500e+02 3.033494e+01
      vertex   6.300000e+01 -1.918530e+02 1.799148e+02
      vertex   6.300000e+01 -1.912500e+02 1.796651e+02
    endloop
  endfacet
  facet normal -1.000000e+00 0.000000e+00 0.000000e+00
    outer loop
      vertex   6.300000e+01 -1.912500e+02 3.033494e+01
      vertex   6.300000e+01 -1.912500e+02 1.796651e+02
      vertex   6.300000e+01 -1.907322e+02 3.073223e+01
    endloop
  endfacet
  facet normal -1.000000e+00 0.000000e+00 0.000000e+00
    outer loop
      vertex   6.300000e+01 -1.907322e+02 3.073223e+01
      vertex   6.300000e+01 -1.912500e+02 1.796651e+02
      vertex   6.300000e+01 -1.907322e+02 1.792678e+02
    endloop
  endfacet
  facet normal -1.000000e+00 0.000000e+00 0.000000e+00
    outer loop
      vertex   6.300000e+01 -1.907322e+02 3.073223e+01
      vertex   6.300000e+01 -1.907322e+02 1.792678e+02
      vertex   6.300000e+01 -1.900000e+02 3.250000e+01
    endloop
  endfacet
  facet normal -1.000000e+00 0.000000e+00 0.000000e+00
    outer loop
      vertex   6.300000e+01 -1.900000e+02 3.250000e+01
      vertex   6.300000e+01 -1.907322e+02 1.792678e+02
      vertex   6.300000e+01 -1.900000e+02 1.775000e+02
    endloop
  endfacet
  facet normal -1.000000e+00 0.000000e+00 0.000000e+00
    outer loop
      vertex   6.300000e+01 -1.900000e+02 1.775000e+02
      vertex   6.300000e+01 -1.907322e+02 1.792678e+02
      vertex   6.300000e+01 -1.903349e+02 1.787500e+02
    endloop
  endfacet
  facet normal -1.000000e+00 0.000000e+00 0.000000e+00
    outer loop
      vertex   6.300000e+01 -1.900000e+02 1.775000e+02
      vertex   6.300000e+01 -1.903349e+02 1.787500e+02
      vertex   6.300000e+01 -1.900852e+02 1.781470e+02
    endloop
  endfacet
  facet normal -1.000000e+00 -0.000000e+00 0.000000e+00
    outer loop
      vertex   6.300000e+01 -1.900852e+02 3.185295e+01
      vertex   6.300000e+01 -1.903349e+02 3.125000e+01
      vertex   6.300000e+01 -1.900000e+02 3.250000e+01
    endloop
  endfacet
  facet normal -1.000000e+00 0.000000e+00 0.000000e+00
    outer loop
      vertex   6.300000e+01 -1.900000e+02 3.250000e+01
      vertex   6.300000e+01 -1.903349e+02 3.125000e+01
      vertex   6.300000e+01 -1.907322e+02 3.073223e+01
    endloop
  endfacet
  facet normal -1.000000e+00 -0.000000e+00 0.000000e+00
    outer loop
      vertex   6.300000e+01 -1.925000e+02 1.800000e+02
      vertex   6.300000e+01 -1.975000e+02 3.000000e+01
      vertex   6.300000e+01 -1.975000e+02 1.800000e+02
    endloop
  endfacet
  facet normal -1.000000e+00 0.000000e+00 -0.000000e+00
    outer loop
      vertex   6.300000e+01 -1.975000e+02 1.800000e+02
      vertex   6.300000e+01 -1.975000e+02 3.000000e+01
      vertex   6.300000e+01 -1.981470e+02 3.008519e+01
    endloop
  endfacet
  facet normal -1.000000e+00 0.000000e+00 0.000000e+00
    outer loop
      vertex   6.300000e+01 -1.975000e+02 1.800000e+02
      vertex   6.300000e+01 -1.981470e+02 3.008519e+01
      vertex   6.300000e+01 -1.981470e+02 1.799148e+02
    endloop
  endfacet
  facet normal -1.000000e+00 0.000000e+00 -0.000000e+00
    outer loop
      vertex   6.300000e+01 -1.981470e+02 1.799148e+02
      vertex   6.300000e+01 -1.981470e+02 3.008519e+01
      vertex   6.300000e+01 -1.987500e+02 3.033494e+01
    endloop
  endfacet
  facet normal -1.000000e+00 0.000000e+00 0.000000e+00
    outer loop
      vertex   6.300000e+01 -1.981470e+02 1.799148e+02
      vertex   6.300000e+01 -1.987500e+02 3.033494e+01
      vertex   6.300000e+01 -1.987500e+02 1.796651e+02
    endloop
  endfacet
  facet normal -1.000000e+00 0.000000e+00 -0.000000e+00
    outer loop
      vertex   6.300000e+01 -1.987500e+02 1.796651e+02
      vertex   6.300000e+01 -1.987500e+02 3.033494e+01
      vertex   6.300000e+01 -1.992678e+02 3.073223e+01
    endloop
  endfacet
  facet normal -1.000000e+00 0.000000e+00 0.000000e+00
    outer loop
      vertex   6.300000e+01 -1.987500e+02 1.796651e+02
      vertex   6.300000e+01 -1.992678e+02 3.073223e+01
      vertex   6.300000e+01 -1.992678e+02 1.792678e+02
    endloop
  endfacet
  facet normal -1.000000e+00 0.000000e+00 -0.000000e+00
    outer loop
      vertex   6.300000e+01 -1.992678e+02 1.792678e+02
      vertex   6.300000e+01 -1.992678e+02 3.073223e+01
      vertex   6.300000e+01 -2.000000e+02 3.250000e+01
    endloop
  endfacet
  facet normal -1.000000e+00 0.000000e+00 0.000000e+00
    outer loop
      vertex   6.300000e+01 -1.992678e+02 1.792678e+02
      vertex   6.300000e+01 -2.000000e+02 3.250000e+01
      vertex   6.300000e+01 -2.000000e+02 1.775000e+02
    endloop
  endfacet
  facet normal -1.000000e+00 0.000000e+00 0.000000e+00
    outer loop
      vertex   6.300000e+01 -1.992678e+02 3.073223e+01
      vertex   6.300000e+01 -1.996651e+02 3.125000e+01
      vertex   6.300000e+01 -2.000000e+02 3.250000e+01
    endloop
  endfacet
  facet normal -1.000000e+00 0.000000e+00 0.000000e+00
    outer loop
      vertex   6.300000e+01 -2.000000e+02 3.250000e+01
      vertex   6.300000e+01 -1.996651e+02 3.125000e+01
      vertex   6.300000e+01 -1.999148e+02 3.185295e+01
    endloop
  endfacet
  facet normal -1.000000e+00 0.000000e+00 -0.000000e+00
    outer loop
      vertex   6.300000e+01 -1.999148e+02 1.781470e+02
      vertex   6.300000e+01 -1.996651e+02 1.787500e+02
      vertex   6.300000e+01 -2.000000e+02 1.775000e+02
    endloop
  endfacet
  facet normal -1.000000e+00 0.000000e+00 0.000000e+00
    outer loop
      vertex   6.300000e+01 -2.000000e+02 1.775000e+02
      vertex   6.300000e+01 -1.996651e+02 1.787500e+02
      vertex   6.300000e+01 -1.992678e+02 1.792678e+02
    endloop
  endfacet
  facet normal -0.000000e+00 -1.305262e-01 -9.914449e-01
    outer loop
      vertex   6.300000e+01 -1.925000e+02 1.800000e+02
      vertex   6.000000e+01 -1.925000e+02 1.800000e+02
      vertex   6.300000e+01 -1.918530e+02 1.799148e+02
    endloop
  endfacet
  facet normal -0.000000e+00 -1.305262e-01 -9.914449e-01
    outer loop
      vertex   6.300000e+01 -1.918530e+02 1.799148e+02
      vertex   6.000000e+01 -1.925000e+02 1.800000e+02
      vertex   6.000000e+01 -1.918530e+02 1.799148e+02
    endloop
  endfacet
  facet normal -0.000000e+00 -3.826834e-01 -9.238795e-01
    outer loop
      vertex   6.300000e+01 -1.918530e+02 1.799148e+02
      vertex   6.000000e+01 -1.918530e+02 1.799148e+02
      vertex   6.300000e+01 -1.912500e+02 1.796651e+02
    endloop
  endfacet
  facet normal -0.000000e+00 -3.826834e-01 -9.238795e-01
    outer loop
      vertex   6.300000e+01 -1.912500e+02 1.796651e+02
      vertex   6.000000e+01 -1.918530e+02 1.799148e+02
      vertex   6.000000e+01 -1.912500e+02 1.796651e+02
    endloop
  endfacet
  facet normal -0.000000e+00 -6.087614e-01 -7.933533e-01
    outer loop
      vertex   6.300000e+01 -1.912500e+02 1.796651e+02
      vertex   6.000000e+01 -1.912500e+02 1.796651e+02
      vertex   6.300000e+01 -1.907322e+02 1.792678e+02
    endloop
  endfacet
  facet normal -0.000000e+00 -6.087614e-01 -7.933533e-01
    outer loop
      vertex   6.300000e+01 -1.907322e+02 1.792678e+02
      vertex   6.000000e+01 -1.912500e+02 1.796651e+02
      vertex   6.000000e+01 -1.907322e+02 1.792678e+02
    endloop
  endfacet
  facet normal -0.000000e+00 -7.933533e-01 -6.087614e-01
    outer loop
      vertex   6.300000e+01 -1.907322e+02 1.792678e+02
      vertex   6.000000e+01 -1.907322e+02 1.792678e+02
      vertex   6.300000e+01 -1.903349e+02 1.787500e+02
    endloop
  endfacet
  facet normal -0.000000e+00 -7.933533e-01 -6.087614e-01
    outer loop
      vertex   6.300000e+01 -1.903349e+02 1.787500e+02
      vertex   6.000000e+01 -1.907322e+02 1.792678e+02
      vertex   6.000000e+01 -1.903349e+02 1.787500e+02
    endloop
  endfacet
  facet normal -0.000000e+00 -9.238795e-01 -3.826834e-01
    outer loop
      vertex   6.300000e+01 -1.903349e+02 1.787500e+02
      vertex   6.000000e+01 -1.903349e+02 1.787500e+02
      vertex   6.300000e+01 -1.900852e+02 1.781470e+02
    endloop
  endfacet
  facet normal -0.000000e+00 -9.238795e-01 -3.826834e-01
    outer loop
      vertex   6.300000e+01 -1.900852e+02 1.781470e+02
      vertex   6.000000e+01 -1.903349e+02 1.787500e+02
      vertex   6.000000e+01 -1.900852e+02 1.781470e+02
    endloop
  endfacet
  facet normal -0.000000e+00 -9.914449e-01 -1.305262e-01
    outer loop
      vertex   6.300000e+01 -1.900852e+02 1.781470e+02
      vertex   6.000000e+01 -1.900852e+02 1.781470e+02
      vertex   6.300000e+01 -1.900000e+02 1.775000e+02
    endloop
  endfacet
  facet normal -0.000000e+00 -9.914449e-01 -1.305262e-01
    outer loop
      vertex   6.300000e+01 -1.900000e+02 1.775000e+02
      vertex   6.000000e+01 -1.900852e+02 1.781470e+02
      vertex   6.000000e+01 -1.900000e+02 1.775000e+02
    endloop
  endfacet
  facet normal 0.000000e+00 0.000000e+00 -1.000000e+00
    outer loop
      vertex   6.000000e+01 -1.975000e+02 1.800000e+02
      vertex   6.000000e+01 -1.925000e+02 1.800000e+02
      vertex   6.300000e+01 -1.975000e+02 1.800000e+02
    endloop
  endfacet
  facet normal 0.000000e+00 0.000000e+00 -1.000000e+00
    outer loop
      vertex   6.300000e+01 -1.975000e+02 1.800000e+02
      vertex   6.000000e+01 -1.925000e+02 1.800000e+02
      vertex   6.300000e+01 -1.925000e+02 1.800000e+02
    endloop
  endfacet
  facet normal 0.000000e+00 9.914449e-01 -1.305262e-01
    outer loop
      vertex   6.300000e+01 -2.000000e+02 1.775000e+02
      vertex   6.000000e+01 -2.000000e+02 1.775000e+02
      vertex   6.300000e+01 -1.999148e+02 1.781470e+02
    endloop
  endfacet
  facet normal 0.000000e+00 9.914449e-01 -1.305262e-01
    outer loop
      vertex   6.300000e+01 -1.999148e+02 1.781470e+02
      vertex   6.000000e+01 -2.000000e+02 1.775000e+02
      vertex   6.000000e+01 -1.999148e+02 1.781470e+02
    endloop
  endfacet
  facet normal 0.000000e+00 9.238795e-01 -3.826834e-01
    outer loop
      vertex   6.300000e+01 -1.999148e+02 1.781470e+02
      vertex   6.000000e+01 -1.999148e+02 1.781470e+02
      vertex   6.300000e+01 -1.996651e+02 1.787500e+02
    endloop
  endfacet
  facet normal 0.000000e+00 9.238795e-01 -3.826834e-01
    outer loop
      vertex   6.300000e+01 -1.996651e+02 1.787500e+02
      vertex   6.000000e+01 -1.999148e+02 1.781470e+02
      vertex   6.000000e+01 -1.996651e+02 1.787500e+02
    endloop
  endfacet
  facet normal 0.000000e+00 7.933533e-01 -6.087614e-01
    outer loop
      vertex   6.300000e+01 -1.996651e+02 1.787500e+02
      vertex   6.000000e+01 -1.996651e+02 1.787500e+02
      vertex   6.300000e+01 -1.992678e+02 1.792678e+02
    endloop
  endfacet
  facet normal 0.000000e+00 7.933533e-01 -6.087614e-01
    outer loop
      vertex   6.300000e+01 -1.992678e+02 1.792678e+02
      vertex   6.000000e+01 -1.996651e+02 1.787500e+02
      vertex   6.000000e+01 -1.992678e+02 1.792678e+02
    endloop
  endfacet
  facet normal 0.000000e+00 6.087614e-01 -7.933533e-01
    outer loop
      vertex   6.300000e+01 -1.992678e+02 1.792678e+02
      vertex   6.000000e+01 -1.992678e+02 1.792678e+02
      vertex   6.300000e+01 -1.987500e+02 1.796651e+02
    endloop
  endfacet
  facet normal 0.000000e+00 6.087614e-01 -7.933533e-01
    outer loop
      vertex   6.300000e+01 -1.987500e+02 1.796651e+02
      vertex   6.000000e+01 -1.992678e+02 1.792678e+02
      vertex   6.000000e+01 -1.987500e+02 1.796651e+02
    endloop
  endfacet
  facet normal 0.000000e+00 3.826834e-01 -9.238795e-01
    outer loop
      vertex   6.300000e+01 -1.987500e+02 1.796651e+02
      vertex   6.000000e+01 -1.987500e+02 1.796651e+02
      vertex   6.300000e+01 -1.981470e+02 1.799148e+02
    endloop
  endfacet
  facet normal 0.000000e+00 3.826834e-01 -9.238795e-01
    outer loop
      vertex   6.300000e+01 -1.981470e+02 1.799148e+02
      vertex   6.000000e+01 -1.987500e+02 1.796651e+02
      vertex   6.000000e+01 -1.981470e+02 1.799148e+02
    endloop
  endfacet
  facet normal 0.000000e+00 1.305262e-01 -9.914449e-01
    outer loop
      vertex   6.300000e+01 -1.981470e+02 1.799148e+02
      vertex   6.000000e+01 -1.981470e+02 1.799148e+02
      vertex   6.300000e+01 -1.975000e+02 1.800000e+02
    endloop
  endfacet
  facet normal 0.000000e+00 1.305262e-01 -9.914449e-01
    outer loop
      vertex   6.300000e+01 -1.975000e+02 1.800000e+02
      vertex   6.000000e+01 -1.981470e+02 1.799148e+02
      vertex   6.000000e+01 -1.975000e+02 1.800000e+02
    endloop
  endfacet
  facet normal 0.000000e+00 1.000000e+00 0.000000e+00
    outer loop
      vertex   6.000000e+01 -2.000000e+02 3.250000e+01
      vertex   6.000000e+01 -2.000000e+02 1.775000e+02
      vertex   6.300000e+01 -2.000000e+02 3.250000e+01
    endloop
  endfacet
  facet normal 0.000000e+00 1.000000e+00 -0.000000e+00
    outer loop
      vertex   6.300000e+01 -2.000000e+02 3.250000e+01
      vertex   6.000000e+01 -2.000000e+02 1.775000e+02
      vertex   6.300000e+01 -2.000000e+02 1.775000e+02
    endloop
  endfacet
  facet normal 2.348213e-15 1.305262e-01 9.914449e-01
    outer loop
      vertex   6.300000e+01 -1.975000e+02 3.000000e+01
      vertex   6.000000e+01 -1.975000e+02 3.000000e+01
      vertex   6.300000e+01 -1.981470e+02 3.008519e+01
    endloop
  endfacet
  facet normal 0.000000e+00 1.305262e-01 9.914449e-01
    outer loop
      vertex   6.300000e+01 -1.981470e+02 3.008519e+01
      vertex   6.000000e+01 -1.975000e+02 3.000000e+01
      vertex   6.000000e+01 -1.981470e+02 3.008519e+01
    endloop
  endfacet
  facet normal 0.000000e+00 3.826834e-01 9.238795e-01
    outer loop
      vertex   6.300000e+01 -1.981470e+02 3.008519e+01
      vertex   6.000000e+01 -1.981470e+02 3.008519e+01
      vertex   6.300000e+01 -1.987500e+02 3.033494e+01
    endloop
  endfacet
  facet normal 0.000000e+00 3.826834e-01 9.238795e-01
    outer loop
      vertex   6.300000e+01 -1.987500e+02 3.033494e+01
      vertex   6.000000e+01 -1.981470e+02 3.008519e+01
      vertex   6.000000e+01 -1.987500e+02 3.033494e+01
    endloop
  endfacet
  facet normal 0.000000e+00 6.087614e-01 7.933533e-01
    outer loop
      vertex   6.300000e+01 -1.987500e+02 3.033494e+01
      vertex   6.000000e+01 -1.987500e+02 3.033494e+01
      vertex   6.300000e+01 -1.992678e+02 3.073223e+01
    endloop
  endfacet
  facet normal 0.000000e+00 6.087614e-01 7.933533e-01
    outer loop
      vertex   6.300000e+01 -1.992678e+02 3.073223e+01
      vertex   6.000000e+01 -1.987500e+02 3.033494e+01
      vertex   6.000000e+01 -1.992678e+02 3.073223e+01
    endloop
  endfacet
  facet normal 0.000000e+00 7.933533e-01 6.087614e-01
    outer loop
      vertex   6.300000e+01 -1.992678e+02 3.073223e+01
      vertex   6.000000e+01 -1.992678e+02 3.073223e+01
      vertex   6.300000e+01 -1.996651e+02 3.125000e+01
    endloop
  endfacet
  facet normal 0.000000e+00 7.933533e-01 6.087614e-01
    outer loop
      vertex   6.300000e+01 -1.996651e+02 3.125000e+01
      vertex   6.000000e+01 -1.992678e+02 3.073223e+01
      vertex   6.000000e+01 -1.996651e+02 3.125000e+01
    endloop
  endfacet
  facet normal 0.000000e+00 9.238795e-01 3.826834e-01
    outer loop
      vertex   6.300000e+01 -1.996651e+02 3.125000e+01
      vertex   6.000000e+01 -1.996651e+02 3.125000e+01
      vertex   6.300000e+01 -1.999148e+02 3.185295e+01
    endloop
  endfacet
  facet normal 0.000000e+00 9.238795e-01 3.826834e-01
    outer loop
      vertex   6.300000e+01 -1.999148e+02 3.185295e+01
      vertex   6.000000e+01 -1.996651e+02 3.125000e+01
      vertex   6.000000e+01 -1.999148e+02 3.185295e+01
    endloop
  endfacet
  facet normal 0.000000e+00 9.914449e-01 1.305262e-01
    outer loop
      vertex   6.300000e+01 -1.999148e+02 3.185295e+01
      vertex   6.000000e+01 -1.999148e+02 3.185295e+01
      vertex   6.300000e+01 -2.000000e+02 3.250000e+01
    endloop
  endfacet
  facet normal 0.000000e+00 9.914449e-01 1.305262e-01
    outer loop
      vertex   6.300000e+01 -2.000000e+02 3.250000e+01
      vertex   6.000000e+01 -1.999148e+02 3.185295e+01
      vertex   6.000000e+01 -2.000000e+02 3.250000e+01
    endloop
  endfacet
  facet normal 0.000000e+00 -2.131628e-15 1.000000e+00
    outer loop
      vertex   6.000000e+01 -1.925000e+02 3.000000e+01
      vertex   6.000000e+01 -1.975000e+02 3.000000e+01
      vertex   6.300000e+01 -1.925000e+02 3.000000e+01
    endloop
  endfacet
  facet normal 2.368476e-15 -3.552714e-15 1.000000e+00
    outer loop
      vertex   6.300000e+01 -1.925000e+02 3.000000e+01
      vertex   6.000000e+01 -1.975000e+02 3.000000e+01
      vertex   6.300000e+01 -1.975000e+02 3.000000e+01
    endloop
  endfacet
  facet normal 3.091481e-16 -9.914449e-01 1.305262e-01
    outer loop
      vertex   6.300000e+01 -1.900000e+02 3.250000e+01
      vertex   6.000000e+01 -1.900000e+02 3.250000e+01
      vertex   6.300000e+01 -1.900852e+02 3.185295e+01
    endloop
  endfacet
  facet normal 0.000000e+00 -9.914449e-01 1.305262e-01
    outer loop
      vertex   6.300000e+01 -1.900852e+02 3.185295e+01
      vertex   6.000000e+01 -1.900000e+02 3.250000e+01
      vertex   6.000000e+01 -1.900852e+02 3.185295e+01
    endloop
  endfacet
  facet normal 0.000000e+00 -9.238795e-01 3.826834e-01
    outer loop
      vertex   6.300000e+01 -1.900852e+02 3.185295e+01
      vertex   6.000000e+01 -1.900852e+02 3.185295e+01
      vertex   6.300000e+01 -1.903349e+02 3.125000e+01
    endloop
  endfacet
  facet normal 0.000000e+00 -9.238795e-01 3.826834e-01
    outer loop
      vertex   6.300000e+01 -1.903349e+02 3.125000e+01
      vertex   6.000000e+01 -1.900852e+02 3.185295e+01
      vertex   6.000000e+01 -1.903349e+02 3.125000e+01
    endloop
  endfacet
  facet normal 0.000000e+00 -7.933533e-01 6.087614e-01
    outer loop
      vertex   6.300000e+01 -1.903349e+02 3.125000e+01
      vertex   6.000000e+01 -1.903349e+02 3.125000e+01
      vertex   6.300000e+01 -1.907322e+02 3.073223e+01
    endloop
  endfacet
  facet normal 0.000000e+00 -7.933533e-01 6.087614e-01
    outer loop
      vertex   6.300000e+01 -1.907322e+02 3.073223e+01
      vertex   6.000000e+01 -1.903349e+02 3.125000e+01
      vertex   6.000000e+01 -1.907322e+02 3.073223e+01
    endloop
  endfacet
  facet normal 0.000000e+00 -6.087614e-01 7.933533e-01
    outer loop
      vertex   6.300000e+01 -1.907322e+02 3.073223e+01
      vertex   6.000000e+01 -1.907322e+02 3.073223e+01
      vertex   6.300000e+01 -1.912500e+02 3.033494e+01
    endloop
  endfacet
  facet normal 0.000000e+00 -6.087614e-01 7.933533e-01
    outer loop
      vertex   6.300000e+01 -1.912500e+02 3.033494e+01
      vertex   6.000000e+01 -1.907322e+02 3.073223e+01
      vertex   6.000000e+01 -1.912500e+02 3.033494e+01
    endloop
  endfacet
  facet normal 0.000000e+00 -3.826834e-01 9.238795e-01
    outer loop
      vertex   6.300000e+01 -1.912500e+02 3.033494e+01
      vertex   6.000000e+01 -1.912500e+02 3.033494e+01
      vertex   6.300000e+01 -1.918530e+02 3.008519e+01
    endloop
  endfacet
  facet normal 0.000000e+00 -3.826834e-01 9.238795e-01
    outer loop
      vertex   6.300000e+01 -1.918530e+02 3.008519e+01
      vertex   6.000000e+01 -1.912500e+02 3.033494e+01
      vertex   6.000000e+01 -1.918530e+02 3.008519e+01
    endloop
  endfacet
  facet normal 0.000000e+00 -1.305262e-01 9.914449e-01
    outer loop
      vertex   6.300000e+01 -1.918530e+02 3.008519e+01
      vertex   6.000000e+01 -1.918530e+02 3.008519e+01
      vertex   6.300000e+01 -1.925000e+02 3.000000e+01
    endloop
  endfacet
  facet normal 0.000000e+00 -1.305262e-01 9.914449e-01
    outer loop
      vertex   6.300000e+01 -1.925000e+02 3.000000e+01
      vertex   6.000000e+01 -1.918530e+02 3.008519e+01
      vertex   6.000000e+01 -1.925000e+02 3.000000e+01
    endloop
  endfacet
  facet normal 0.000000e+00 -1.000000e+00 0.000000e+00
    outer loop
      vertex   6.000000e+01 -1.900000e+02 1.775000e+02
      vertex   6.000000e+01 -1.900000e+02 3.250000e+01
      vertex   6.300000e+01 -1.900000e+02 1.775000e+02
    endloop
  endfacet
  facet normal 0.000000e+00 -1.000000e+00 -0.000000e+00
    outer loop
      vertex   6.300000e+01 -1.900000e+02 1.775000e+02
      vertex   6.000000e+01 -1.900000e+02 3.250000e+01
      vertex   6.300000e+01 -1.900000e+02 3.250000e+01
    endloop
  endfacet
  facet normal -1.000000e+00 -0.000000e+00 -0.000000e+00
    outer loop
      vertex   6.300000e+01 -2.118530e+02 1.799148e+02
      vertex   6.300000e+01 -2.118530e+02 3.008519e+01
      vertex   6.300000e+01 -2.125000e+02 1.800000e+02
    endloop
  endfacet
  facet normal -1.000000e+00 0.000000e+00 0.000000e+00
    outer loop
      vertex   6.300000e+01 -2.125000e+02 1.800000e+02
      vertex   6.300000e+01 -2.118530e+02 3.008519e+01
      vertex   6.300000e+01 -2.125000e+02 3.000000e+01
    endloop
  endfacet
  facet normal -1.000000e+00 0.000000e+00 -0.000000e+00
    outer loop
      vertex   6.300000e+01 -2.125000e+02 1.800000e+02
      vertex   6.300000e+01 -2.125000e+02 3.000000e+01
      vertex   6.300000e+01 -2.175000e+02 3.000000e+01
    endloop
  endfacet
  facet normal -1.000000e+00 0.000000e+00 0.000000e+00
    outer loop
      vertex   6.300000e+01 -2.118530e+02 3.008519e+01
      vertex   6.300000e+01 -2.118530e+02 1.799148e+02
      vertex   6.300000e+01 -2.112500e+02 3.033494e+01
    endloop
  endfacet
  facet normal -1.000000e+00 0.000000e+00 0.000000e+00
    outer loop
      vertex   6.300000e+01 -2.112500e+02 3.033494e+01
      vertex   6.300000e+01 -2.118530e+02 1.799148e+02
      vertex   6.300000e+01 -2.112500e+02 1.796651e+02
    endloop
  endfacet
  facet normal -1.000000e+00 0.000000e+00 0.000000e+00
    outer loop
      vertex   6.300000e+01 -2.112500e+02 3.033494e+01
      vertex   6.300000e+01 -2.112500e+02 1.796651e+02
      vertex   6.300000e+01 -2.107322e+02 3.073223e+01
    endloop
  endfacet
  facet normal -1.000000e+00 0.000000e+00 0.000000e+00
    outer loop
      vertex   6.300000e+01 -2.107322e+02 3.073223e+01
      vertex   6.300000e+01 -2.112500e+02 1.796651e+02
      vertex   6.300000e+01 -2.107322e+02 1.792678e+02
    endloop
  endfacet
  facet normal -1.000000e+00 0.000000e+00 0.000000e+00
    outer loop
      vertex   6.300000e+01 -2.107322e+02 3.073223e+01
      vertex   6.300000e+01 -2.107322e+02 1.792678e+02
      vertex   6.300000e+01 -2.100000e+02 3.250000e+01
    endloop
  endfacet
  facet normal -1.000000e+00 0.000000e+00 0.000000e+00
    outer loop
      vertex   6.300000e+01 -2.100000e+02 3.250000e+01
      vertex   6.300000e+01 -2.107322e+02 1.792678e+02
      vertex   6.300000e+01 -2.100000e+02 1.775000e+02
    endloop
  endfacet
  facet normal -1.000000e+00 0.000000e+00 0.000000e+00
    outer loop
      vertex   6.300000e+01 -2.100000e+02 1.775000e+02
      vertex   6.300000e+01 -2.107322e+02 1.792678e+02
      vertex   6.300000e+01 -2.103349e+02 1.787500e+02
    endloop
  endfacet
  facet normal -1.000000e+00 0.000000e+00 0.000000e+00
    outer loop
      vertex   6.300000e+01 -2.100000e+02 1.775000e+02
      vertex   6.300000e+01 -2.103349e+02 1.787500e+02
      vertex   6.300000e+01 -2.100852e+02 1.781470e+02
    endloop
  endfacet
  facet normal -1.000000e+00 -0.000000e+00 0.000000e+00
    outer loop
      vertex   6.300000e+01 -2.100852e+02 3.185295e+01
      vertex   6.300000e+01 -2.103349e+02 3.125000e+01
      vertex   6.300000e+01 -2.100000e+02 3.250000e+01
    endloop
  endfacet
  facet normal -1.000000e+00 0.000000e+00 0.000000e+00
    outer loop
      vertex   6.300000e+01 -2.100000e+02 3.250000e+01
      vertex   6.300000e+01 -2.103349e+02 3.125000e+01
      vertex   6.300000e+01 -2.107322e+02 3.073223e+01
    endloop
  endfacet
  facet normal -1.000000e+00 -0.000000e+00 0.000000e+00
    outer loop
      vertex   6.300000e+01 -2.125000e+02 1.800000e+02
      vertex   6.300000e+01 -2.175000e+02 3.000000e+01
      vertex   6.300000e+01 -2.175000e+02 1.800000e+02
    endloop
  endfacet
  facet normal -1.000000e+00 0.000000e+00 -0.000000e+00
    outer loop
      vertex   6.300000e+01 -2.175000e+02 1.800000e+02
      vertex   6.300000e+01 -2.175000e+02 3.000000e+01
      vertex   6.300000e+01 -2.181470e+02 3.008519e+01
    endloop
  endfacet
  facet normal -1.000000e+00 0.000000e+00 0.000000e+00
    outer loop
      vertex   6.300000e+01 -2.175000e+02 1.800000e+02
      vertex   6.300000e+01 -2.181470e+02 3.008519e+01
      vertex   6.300000e+01 -2.181470e+02 1.799148e+02
    endloop
  endfacet
  facet normal -1.000000e+00 0.000000e+00 -0.000000e+00
    outer loop
      vertex   6.300000e+01 -2.181470e+02 1.799148e+02
      vertex   6.300000e+01 -2.181470e+02 3.008519e+01
      vertex   6.300000e+01 -2.187500e+02 3.033494e+01
    endloop
  endfacet
  facet normal -1.000000e+00 0.000000e+00 0.000000e+00
    outer loop
      vertex   6.300000e+01 -2.181470e+02 1.799148e+02
      vertex   6.300000e+01 -2.187500e+02 3.033494e+01
      vertex   6.300000e+01 -2.187500e+02 1.796651e+02
    endloop
  endfacet
  facet normal -1.000000e+00 0.000000e+00 -0.000000e+00
    outer loop
      vertex   6.300000e+01 -2.187500e+02 1.796651e+02
      vertex   6.300000e+01 -2.187500e+02 3.033494e+01
      vertex   6.300000e+01 -2.192678e+02 3.073223e+01
    endloop
  endfacet
  facet normal -1.000000e+00 0.000000e+00 0.000000e+00
    outer loop
      vertex   6.300000e+01 -2.187500e+02 1.796651e+02
      vertex   6.300000e+01 -2.192678e+02 3.073223e+01
      vertex   6.300000e+01 -2.192678e+02 1.792678e+02
    endloop
  endfacet
  facet normal -1.000000e+00 0.000000e+00 -0.000000e+00
    outer loop
      vertex   6.300000e+01 -2.192678e+02 1.792678e+02
      vertex   6.300000e+01 -2.192678e+02 3.073223e+01
      vertex   6.300000e+01 -2.200000e+02 3.250000e+01
    endloop
  endfacet
  facet normal -1.000000e+00 0.000000e+00 0.000000e+00
    outer loop
      vertex   6.300000e+01 -2.192678e+02 1.792678e+02
      vertex   6.300000e+01 -2.200000e+02 3.250000e+01
      vertex   6.300000e+01 -2.200000e+02 1.775000e+02
    endloop
  endfacet
  facet normal -1.000000e+00 0.000000e+00 0.000000e+00
    outer loop
      vertex   6.300000e+01 -2.192678e+02 3.073223e+01
      vertex   6.300000e+01 -2.196651e+02 3.125000e+01
      vertex   6.300000e+01 -2.200000e+02 3.250000e+01
    endloop
  endfacet
  facet normal -1.000000e+00 0.000000e+00 0.000000e+00
    outer loop
      vertex   6.300000e+01 -2.200000e+02 3.250000e+01
      vertex   6.300000e+01 -2.196651e+02 3.125000e+01
      vertex   6.300000e+01 -2.199148e+02 3.185295e+01
    endloop
  endfacet
  facet normal -1.000000e+00 0.000000e+00 -0.000000e+00
    outer loop
      vertex   6.300000e+01 -2.199148e+02 1.781470e+02
      vertex   6.300000e+01 -2.196651e+02 1.787500e+02
      vertex   6.300000e+01 -2.200000e+02 1.775000e+02
    endloop
  endfacet
  facet normal -1.000000e+00 0.000000e+00 0.000000e+00
    outer loop
      vertex   6.300000e+01 -2.200000e+02 1.775000e+02
      vertex   6.300000e+01 -2.196651e+02 1.787500e+02
      vertex   6.300000e+01 -2.192678e+02 1.792678e+02
    endloop
  endfacet
  facet normal -0.000000e+00 -1.305262e-01 -9.914449e-01
    outer loop
      vertex   6.300000e+01 -2.125000e+02 1.800000e+02
      vertex   6.000000e+01 -2.125000e+02 1.800000e+02
      vertex   6.300000e+01 -2.118530e+02 1.799148e+02
    endloop
  endfacet
  facet normal -0.000000e+00 -1.305262e-01 -9.914449e-01
    outer loop
      vertex   6.300000e+01 -2.118530e+02 1.799148e+02
      vertex   6.000000e+01 -2.125000e+02 1.800000e+02
      vertex   6.000000e+01 -2.118530e+02 1.799148e+02
    endloop
  endfacet
  facet normal -0.000000e+00 -3.826834e-01 -9.238795e-01
    outer loop
      vertex   6.300000e+01 -2.118530e+02 1.799148e+02
      vertex   6.000000e+01 -2.118530e+02 1.799148e+02
      vertex   6.300000e+01 -2.112500e+02 1.796651e+02
    endloop
  endfacet
  facet normal -0.000000e+00 -3.826834e-01 -9.238795e-01
    outer loop
      vertex   6.300000e+01 -2.112500e+02 1.796651e+02
      vertex   6.000000e+01 -2.118530e+02 1.799148e+02
      vertex   6.000000e+01 -2.112500e+02 1.796651e+02
    endloop
  endfacet
  facet normal -0.000000e+00 -6.087614e-01 -7.933533e-01
    outer loop
      vertex   6.300000e+01 -2.112500e+02 1.796651e+02
      vertex   6.000000e+01 -2.112500e+02 1.796651e+02
      vertex   6.300000e+01 -2.107322e+02 1.792678e+02
    endloop
  endfacet
  facet normal -0.000000e+00 -6.087614e-01 -7.933533e-01
    outer loop
      vertex   6.300000e+01 -2.107322e+02 1.792678e+02
      vertex   6.000000e+01 -2.112500e+02 1.796651e+02
      vertex   6.000000e+01 -2.107322e+02 1.792678e+02
    endloop
  endfacet
  facet normal -0.000000e+00 -7.933533e-01 -6.087614e-01
    outer loop
      vertex   6.300000e+01 -2.107322e+02 1.792678e+02
      vertex   6.000000e+01 -2.107322e+02 1.792678e+02
      vertex   6.300000e+01 -2.103349e+02 1.787500e+02
    endloop
  endfacet
  facet normal -0.000000e+00 -7.933533e-01 -6.087614e-01
    outer loop
      vertex   6.300000e+01 -2.103349e+02 1.787500e+02
      vertex   6.000000e+01 -2.107322e+02 1.792678e+02
      vertex   6.000000e+01 -2.103349e+02 1.787500e+02
    endloop
  endfacet
  facet normal -0.000000e+00 -9.238795e-01 -3.826834e-01
    outer loop
      vertex   6.300000e+01 -2.103349e+02 1.787500e+02
      vertex   6.000000e+01 -2.103349e+02 1.787500e+02
      vertex   6.300000e+01 -2.100852e+02 1.781470e+02
    endloop
  endfacet
  facet normal -0.000000e+00 -9.238795e-01 -3.826834e-01
    outer loop
      vertex   6.300000e+01 -2.100852e+02 1.781470e+02
      vertex   6.000000e+01 -2.103349e+02 1.787500e+02
      vertex   6.000000e+01 -2.100852e+02 1.781470e+02
    endloop
  endfacet
  facet normal -0.000000e+00 -9.914449e-01 -1.305262e-01
    outer loop
      vertex   6.300000e+01 -2.100852e+02 1.781470e+02
      vertex   6.000000e+01 -2.100852e+02 1.781470e+02
      vertex   6.300000e+01 -2.100000e+02 1.775000e+02
    endloop
  endfacet
  facet normal -0.000000e+00 -9.914449e-01 -1.305262e-01
    outer loop
      vertex   6.300000e+01 -2.100000e+02 1.775000e+02
      vertex   6.000000e+01 -2.100852e+02 1.781470e+02
      vertex   6.000000e+01 -2.100000e+02 1.775000e+02
    endloop
  endfacet
  facet normal 0.000000e+00 0.000000e+00 -1.000000e+00
    outer loop
      vertex   6.000000e+01 -2.175000e+02 1.800000e+02
      vertex   6.000000e+01 -2.125000e+02 1.800000e+02
      vertex   6.300000e+01 -2.175000e+02 1.800000e+02
    endloop
  endfacet
  facet normal 0.000000e+00 0.000000e+00 -1.000000e+00
    outer loop
      vertex   6.300000e+01 -2.175000e+02 1.800000e+02
      vertex   6.000000e+01 -2.125000e+02 1.800000e+02
      vertex   6.300000e+01 -2.125000e+02 1.800000e+02
    endloop
  endfacet
  facet normal 0.000000e+00 9.914449e-01 -1.305262e-01
    outer loop
      vertex   6.300000e+01 -2.200000e+02 1.775000e+02
      vertex   6.000000e+01 -2.200000e+02 1.775000e+02
      vertex   6.300000e+01 -2.199148e+02 1.781470e+02
    endloop
  endfacet
  facet normal 0.000000e+00 9.914449e-01 -1.305262e-01
    outer loop
      vertex   6.300000e+01 -2.199148e+02 1.781470e+02
      vertex   6.000000e+01 -2.200000e+02 1.775000e+02
      vertex   6.000000e+01 -2.199148e+02 1.781470e+02
    endloop
  endfacet
  facet normal 0.000000e+00 9.238795e-01 -3.826834e-01
    outer loop
      vertex   6.300000e+01 -2.199148e+02 1.781470e+02
      vertex   6.000000e+01 -2.199148e+02 1.781470e+02
      vertex   6.300000e+01 -2.196651e+02 1.787500e+02
    endloop
  endfacet
  facet normal 0.000000e+00 9.238795e-01 -3.826834e-01
    outer loop
      vertex   6.300000e+01 -2.196651e+02 1.787500e+02
      vertex   6.000000e+01 -2.199148e+02 1.781470e+02
      vertex   6.000000e+01 -2.196651e+02 1.787500e+02
    endloop
  endfacet
  facet normal 0.000000e+00 7.933533e-01 -6.087614e-01
    outer loop
      vertex   6.300000e+01 -2.196651e+02 1.787500e+02
      vertex   6.000000e+01 -2.196651e+02 1.787500e+02
      vertex   6.300000e+01 -2.192678e+02 1.792678e+02
    endloop
  endfacet
  facet normal 0.000000e+00 7.933533e-01 -6.087614e-01
    outer loop
      vertex   6.300000e+01 -2.192678e+02 1.792678e+02
      vertex   6.000000e+01 -2.196651e+02 1.787500e+02
      vertex   6.000000e+01 -2.192678e+02 1.792678e+02
    endloop
  endfacet
  facet normal 0.000000e+00 6.087614e-01 -7.933533e-01
    outer loop
      vertex   6.300000e+01 -2.192678e+02 1.792678e+02
      vertex   6.000000e+01 -2.192678e+02 1.792678e+02
      vertex   6.300000e+01 -2.187500e+02 1.796651e+02
    endloop
  endfacet
  facet normal 0.000000e+00 6.087614e-01 -7.933533e-01
    outer loop
      vertex   6.300000e+01 -2.187500e+02 1.796651e+02
      vertex   6.000000e+01 -2.192678e+02 1.792678e+02
      vertex   6.000000e+01 -2.187500e+02 1.796651e+02
    endloop
  endfacet
  facet normal 0.000000e+00 3.826834e-01 -9.238795e-01
    outer loop
      vertex   6.300000e+01 -2.187500e+02 1.796651e+02
      vertex   6.000000e+01 -2.187500e+02 1.796651e+02
      vertex   6.300000e+01 -2.181470e+02 1.799148e+02
    endloop
  endfacet
  facet normal 0.000000e+00 3.826834e-01 -9.238795e-01
    outer loop
      vertex   6.300000e+01 -2.181470e+02 1.799148e+02
      vertex   6.000000e+01 -2.187500e+02 1.796651e+02
      vertex   6.000000e+01 -2.181470e+02 1.799148e+02
    endloop
  endfacet
  facet normal 0.000000e+00 1.305262e-01 -9.914449e-01
    outer loop
      vertex   6.300000e+01 -2.181470e+02 1.799148e+02
      vertex   6.000000e+01 -2.181470e+02 1.799148e+02
      vertex   6.300000e+01 -2.175000e+02 1.800000e+02
    endloop
  endfacet
  facet normal 0.000000e+00 1.305262e-01 -9.914449e-01
    outer loop
      vertex   6.300000e+01 -2.175000e+02 1.800000e+02
      vertex   6.000000e+01 -2.181470e+02 1.799148e+02
      vertex   6.000000e+01 -2.175000e+02 1.800000e+02
    endloop
  endfacet
  facet normal 0.000000e+00 1.000000e+00 0.000000e+00
    outer loop
      vertex   6.000000e+01 -2.200000e+02 3.250000e+01
      vertex   6.000000e+01 -2.200000e+02 1.775000e+02
      vertex   6.300000e+01 -2.200000e+02 3.250000e+01
    endloop
  endfacet
  facet normal 0.000000e+00 1.000000e+00 -0.000000e+00
    outer loop
      vertex   6.300000e+01 -2.200000e+02 3.250000e+01
      vertex   6.000000e+01 -2.200000e+02 1.775000e+02
      vertex   6.300000e+01 -2.200000e+02 1.775000e+02
    endloop
  endfacet
  facet normal 2.348213e-15 1.305262e-01 9.914449e-01
    outer loop
      vertex   6.300000e+01 -2.175000e+02 3.000000e+01
      vertex   6.000000e+01 -2.175000e+02 3.000000e+01
      vertex   6.300000e+01 -2.181470e+02 3.008519e+01
    endloop
  endfacet
  facet normal 0.000000e+00 1.305262e-01 9.914449e-01
    outer loop
      vertex   6.300000e+01 -2.181470e+02 3.008519e+01
      vertex   6.000000e+01 -2.175000e+02 3.000000e+01
      vertex   6.000000e+01 -2.181470e+02 3.008519e+01
    endloop
  endfacet
  facet normal 0.000000e+00 3.826834e-01 9.238795e-01
    outer loop
      vertex   6.300000e+01 -2.181470e+02 3.008519e+01
      vertex   6.000000e+01 -2.181470e+02 3.008519e+01
      vertex   6.300000e+01 -2.187500e+02 3.033494e+01
    endloop
  endfacet
  facet normal 0.000000e+00 3.826834e-01 9.238795e-01
    outer loop
      vertex   6.300000e+01 -2.187500e+02 3.033494e+01
      vertex   6.000000e+01 -2.181470e+02 3.008519e+01
      vertex   6.000000e+01 -2.187500e+02 3.033494e+01
    endloop
  endfacet
  facet normal 0.000000e+00 6.087614e-01 7.933533e-01
    outer loop
      vertex   6.300000e+01 -2.187500e+02 3.033494e+01
      vertex   6.000000e+01 -2.187500e+02 3.033494e+01
      vertex   6.300000e+01 -2.192678e+02 3.073223e+01
    endloop
  endfacet
  facet normal 0.000000e+00 6.087614e-01 7.933533e-01
    outer loop
      vertex   6.300000e+01 -2.192678e+02 3.073223e+01
      vertex   6.000000e+01 -2.187500e+02 3.033494e+01
      vertex   6.000000e+01 -2.192678e+02 3.073223e+01
    endloop
  endfacet
  facet normal 0.000000e+00 7.933533e-01 6.087614e-01
    outer loop
      vertex   6.300000e+01 -2.192678e+02 3.073223e+01
      vertex   6.000000e+01 -2.192678e+02 3.073223e+01
      vertex   6.300000e+01 -2.196651e+02 3.125000e+01
    endloop
  endfacet
  facet normal 0.000000e+00 7.933533e-01 6.087614e-01
    outer loop
      vertex   6.300000e+01 -2.196651e+02 3.125000e+01
      vertex   6.000000e+01 -2.192678e+02 3.073223e+01
      vertex   6.000000e+01 -2.196651e+02 3.125000e+01
    endloop
  endfacet
  facet normal 0.000000e+00 9.238795e-01 3.826834e-01
    outer loop
      vertex   6.300000e+01 -2.196651e+02 3.125000e+01
      vertex   6.000000e+01 -2.196651e+02 3.125000e+01
      vertex   6.300000e+01 -2.199148e+02 3.185295e+01
    endloop
  endfacet
  facet normal 0.000000e+00 9.238795e-01 3.826834e-01
    outer loop
      vertex   6.300000e+01 -2.199148e+02 3.185295e+01
      vertex   6.000000e+01 -2.196651e+02 3.125000e+01
      vertex   6.000000e+01 -2.199148e+02 3.185295e+01
    endloop
  endfacet
  facet normal 0.000000e+00 9.914449e-01 1.305262e-01
    outer loop
      vertex   6.300000e+01 -2.199148e+02 3.185295e+01
      vertex   6.000000e+01 -2.199148e+02 3.185295e+01
      vertex   6.300000e+01 -2.200000e+02 3.250000e+01
    endloop
  endfacet
  facet normal 0.000000e+00 9.914449e-01 1.305262e-01
    outer loop
      vertex   6.300000e+01 -2.200000e+02 3.250000e+01
      vertex   6.000000e+01 -2.199148e+02 3.185295e+01
      vertex   6.000000e+01 -2.200000e+02 3.250000e+01
    endloop
  endfacet
  facet normal 0.000000e+00 -2.131628e-15 1.000000e+00
    outer loop
      vertex   6.000000e+01 -2.125000e+02 3.000000e+01
      vertex   6.000000e+01 -2.175000e+02 3.000000e+01
      vertex   6.300000e+01 -2.125000e+02 3.000000e+01
    endloop
  endfacet
  facet normal 2.368476e-15 -3.552714e-15 1.000000e+00
    outer loop
      vertex   6.300000e+01 -2.125000e+02 3.000000e+01
      vertex   6.000000e+01 -2.175000e+02 3.000000e+01
      vertex   6.300000e+01 -2.175000e+02 3.000000e+01
    endloop
  endfacet
  facet normal 3.091481e-16 -9.914449e-01 1.305262e-01
    outer loop
      vertex   6.300000e+01 -2.100000e+02 3.250000e+01
      vertex   6.000000e+01 -2.100000e+02 3.250000e+01
      vertex   6.300000e+01 -2.100852e+02 3.185295e+01
    endloop
  endfacet
  facet normal 0.000000e+00 -9.914449e-01 1.305262e-01
    outer loop
      vertex   6.300000e+01 -2.100852e+02 3.185295e+01
      vertex   6.000000e+01 -2.100000e+02 3.250000e+01
      vertex   6.000000e+01 -2.100852e+02 3.185295e+01
    endloop
  endfacet
  facet normal 0.000000e+00 -9.238795e-01 3.826834e-01
    outer loop
      vertex   6.300000e+01 -2.100852e+02 3.185295e+01
      vertex   6.000000e+01 -2.100852e+02 3.185295e+01
      vertex   6.300000e+01 -2.103349e+02 3.125000e+01
    endloop
  endfacet
  facet normal 0.000000e+00 -9.238795e-01 3.826834e-01
    outer loop
      vertex   6.300000e+01 -2.103349e+02 3.125000e+01
      vertex   6.000000e+01 -2.100852e+02 3.185295e+01
      vertex   6.000000e+01 -2.103349e+02 3.125000e+01
    endloop
  endfacet
  facet normal 0.000000e+00 -7.933533e-01 6.087614e-01
    outer loop
      vertex   6.300000e+01 -2.103349e+02 3.125000e+01
      vertex   6.000000e+01 -2.103349e+02 3.125000e+01
      vertex   6.300000e+01 -2.107322e+02 3.073223e+01
    endloop
  endfacet
  facet normal 0.000000e+00 -7.933533e-01 6.087614e-01
    outer loop
      vertex   6.300000e+01 -2.107322e+02 3.073223e+01
      vertex   6.000000e+01 -2.103349e+02 3.125000e+01
      vertex   6.000000e+01 -2.107322e+02 3.073223e+01
    endloop
  endfacet
  facet normal 0.000000e+00 -6.087614e-01 7.933533e-01
    outer loop
      vertex   6.300000e+01 -2.107322e+02 3.073223e+01
      vertex   6.000000e+01 -2.107322e+02 3.073223e+01
      vertex   6.300000e+01 -2.112500e+02 3.033494e+01
    endloop
  endfacet
  facet normal 0.000000e+00 -6.087614e-01 7.933533e-01
    outer loop
      vertex   6.300000e+01 -2.112500e+02 3.033494e+01
      vertex   6.000000e+01 -2.107322e+02 3.073223e+01
      vertex   6.000000e+01 -2.112500e+02 3.033494e+01
    endloop
  endfacet
  facet normal 0.000000e+00 -3.826834e-01 9.238795e-01
    outer loop
      vertex   6.300000e+01 -2.112500e+02 3.033494e+01
      vertex   6.000000e+01 -2.112500e+02 3.033494e+01
      vertex   6.300000e+01 -2.118530e+02 3.008519e+01
    endloop
  endfacet
  facet normal 0.000000e+00 -3.826834e-01 9.238795e-01
    outer loop
      vertex   6.300000e+01 -2.118530e+02 3.008519e+01
      vertex   6.000000e+01 -2.112500e+02 3.033494e+01
      vertex   6.000000e+01 -2.118530e+02 3.008519e+01
    endloop
  endfacet
  facet normal 0.000000e+00 -1.305262e-01 9.914449e-01
    outer loop
      vertex   6.300000e+01 -2.118530e+02 3.008519e+01
      vertex   6.000000e+01 -2.118530e+02 3.008519e+01
      vertex   6.300000e+01 -2.125000e+02 3.000000e+01
    endloop
  endfacet
  facet normal 0.000000e+00 -1.305262e-01 9.914449e-01
    outer loop
      vertex   6.300000e+01 -2.125000e+02 3.000000e+01
      vertex   6.000000e+01 -2.118530e+02 3.008519e+01
      vertex   6.000000e+01 -2.125000e+02 3.000000e+01
    endloop
  endfacet
  facet normal 0.000000e+00 -1.000000e+00 0.000000e+00
    outer loop
      vertex   6.000000e+01 -2.100000e+02 1.775000e+02
      vertex   6.000000e+01 -2.100000e+02 3.250000e+01
      vertex   6.300000e+01 -2.100000e+02 1.775000e+02
    endloop
  endfacet
  facet normal 0.000000e+00 -1.000000e+00 -0.000000e+00
    outer loop
      vertex   6.300000e+01 -2.100000e+02 1.775000e+02
      vertex   6.000000e+01 -2.100000e+02 3.250000e+01
      vertex   6.300000e+01 -2.100000e+02 3.250000e+01
    endloop
  endfacet
  facet normal -0.000000e+00 -1.000000e+00 0.000000e+00
    outer loop
      vertex   1.400000e+02 -1.700000e+02 3.275000e+01
      vertex   1.400000e+02 -1.700000e+02 1.775000e+02
      vertex   1.370000e+02 -1.700000e+02 3.275000e+01
    endloop
  endfacet
  facet normal 0.000000e+00 -1.000000e+00 0.000000e+00
    outer loop
      vertex   1.370000e+02 -1.700000e+02 3.275000e+01
      vertex   1.400000e+02 -1.700000e+02 1.775000e+02
      vertex   1.370000e+02 -1.700000e+02 1.775000e+02
    endloop
  endfacet
  facet normal -3.091481e-16 -9.914449e-01 1.305262e-01
    outer loop
      vertex   1.400000e+02 -1.700000e+02 3.275000e+01
      vertex   1.370000e+02 -1.700000e+02 3.275000e+01
      vertex   1.400000e+02 -1.700937e+02 3.203825e+01
    endloop
  endfacet
  facet normal -3.091481e-16 -9.914449e-01 1.305262e-01
    outer loop
      vertex   1.400000e+02 -1.700937e+02 3.203825e+01
      vertex   1.370000e+02 -1.700000e+02 3.275000e+01
      vertex   1.370000e+02 -1.700937e+02 3.203825e+01
    endloop
  endfacet
  facet normal -9.063764e-16 -9.238795e-01 3.826834e-01
    outer loop
      vertex   1.400000e+02 -1.700937e+02 3.203825e+01
      vertex   1.370000e+02 -1.700937e+02 3.203825e+01
      vertex   1.400000e+02 -1.703684e+02 3.137500e+01
    endloop
  endfacet
  facet normal -4.531882e-16 -9.238795e-01 3.826834e-01
    outer loop
      vertex   1.400000e+02 -1.703684e+02 3.137500e+01
      vertex   1.370000e+02 -1.700937e+02 3.203825e+01
      vertex   1.370000e+02 -1.703684e+02 3.137500e+01
    endloop
  endfacet
  facet normal -7.209184e-16 -7.933533e-01 6.087614e-01
    outer loop
      vertex   1.400000e+02 -1.703684e+02 3.137500e+01
      vertex   1.370000e+02 -1.703684e+02 3.137500e+01
      vertex   1.400000e+02 -1.708055e+02 3.080546e+01
    endloop
  endfacet
  facet normal -7.209184e-16 -7.933533e-01 6.087614e-01
    outer loop
      vertex   1.400000e+02 -1.708055e+02 3.080546e+01
      vertex   1.370000e+02 -1.703684e+02 3.137500e+01
      vertex   1.370000e+02 -1.708055e+02 3.080546e+01
    endloop
  endfacet
  facet normal -9.395191e-16 -6.087614e-01 7.933533e-01
    outer loop
      vertex   1.400000e+02 -1.708055e+02 3.080546e+01
      vertex   1.370000e+02 -1.708055e+02 3.080546e+01
      vertex   1.400000e+02 -1.713750e+02 3.036843e+01
    endloop
  endfacet
  facet normal 0.000000e+00 -6.087614e-01 7.933533e-01
    outer loop
      vertex   1.400000e+02 -1.713750e+02 3.036843e+01
      vertex   1.370000e+02 -1.708055e+02 3.080546e+01
      vertex   1.370000e+02 -1.713750e+02 3.036843e+01
    endloop
  endfacet
  facet normal 0.000000e+00 -3.826834e-01 9.238795e-01
    outer loop
      vertex   1.400000e+02 -1.713750e+02 3.036843e+01
      vertex   1.370000e+02 -1.713750e+02 3.036843e+01
      vertex   1.400000e+02 -1.720382e+02 3.009370e+01
    endloop
  endfacet
  facet normal -2.188186e-15 -3.826834e-01 9.238795e-01
    outer loop
      vertex   1.400000e+02 -1.720382e+02 3.009370e+01
      vertex   1.370000e+02 -1.713750e+02 3.036843e+01
      vertex   1.370000e+02 -1.720382e+02 3.009370e+01
    endloop
  endfacet
  facet normal -2.348213e-15 -1.305262e-01 9.914449e-01
    outer loop
      vertex   1.400000e+02 -1.720382e+02 3.009370e+01
      vertex   1.370000e+02 -1.720382e+02 3.009370e+01
      vertex   1.400000e+02 -1.727500e+02 3.000000e+01
    endloop
  endfacet
  facet normal 0.000000e+00 -1.305262e-01 9.914449e-01
    outer loop
      vertex   1.400000e+02 -1.727500e+02 3.000000e+01
      vertex   1.370000e+02 -1.720382e+02 3.009370e+01
      vertex   1.370000e+02 -1.727500e+02 3.000000e+01
    endloop
  endfacet
  facet normal 0.000000e+00 -1.000000e+00 -1.787529e-16
    outer loop
      vertex   1.300000e+02 -2.500000e+02 1.890000e+02
      vertex   1.300000e+02 -2.500000e+02 3.000000e+01
      vertex   1.400000e+02 -2.500000e+02 1.890000e+02
    endloop
  endfacet
  facet normal -1.681758e-16 -1.000000e+00 -1.681758e-16
    outer loop
      vertex   1.400000e+02 -2.500000e+02 1.890000e+02
      vertex   1.300000e+02 -2.500000e+02 3.000000e+01
      vertex   1.400000e+02 -2.500000e+02 2.000000e+01
    endloop
  endfacet
  facet normal 0.000000e+00 -1.000000e+00 0.000000e+00
    outer loop
      vertex   1.400000e+02 -2.500000e+02 2.000000e+01
      vertex   1.300000e+02 -2.500000e+02 3.000000e+01
      vertex   7.000000e+01 -2.500000e+02 3.000000e+01
    endloop
  endfacet
  facet normal 0.000000e+00 -1.000000e+00 0.000000e+00
    outer loop
      vertex   1.400000e+02 -2.500000e+02 2.000000e+01
      vertex   7.000000e+01 -2.500000e+02 3.000000e+01
      vertex   6.000000e+01 -2.500000e+02 2.000000e+01
    endloop
  endfacet
  facet normal 1.681758e-16 -1.000000e+00 -1.681758e-16
    outer loop
      vertex   6.000000e+01 -2.500000e+02 2.000000e+01
      vertex   7.000000e+01 -2.500000e+02 3.000000e+01
      vertex   6.000000e+01 -2.500000e+02 1.890000e+02
    endloop
  endfacet
  facet normal 0.000000e+00 -1.000000e+00 -1.787529e-16
    outer loop
      vertex   6.000000e+01 -2.500000e+02 1.890000e+02
      vertex   7.000000e+01 -2.500000e+02 3.000000e+01
      vertex   7.000000e+01 -2.500000e+02 1.890000e+02
    endloop
  endfacet
  facet normal 1.000000e+00 -0.000000e+00 0.000000e+00
    outer loop
      vertex   7.000000e+01 -2.500000e+02 1.890000e+02
      vertex   7.000000e+01 -2.500000e+02 3.000000e+01
      vertex   7.000000e+01 -1.600000e+02 1.890000e+02
    endloop
  endfacet
  facet normal 1.000000e+00 0.000000e+00 0.000000e+00
    outer loop
      vertex   7.000000e+01 -1.600000e+02 1.890000e+02
      vertex   7.000000e+01 -2.500000e+02 3.000000e+01
      vertex   7.000000e+01 -1.600000e+02 3.000000e+01
    endloop
  endfacet
  facet normal -0.000000e+00 1.000000e+00 1.787529e-16
    outer loop
      vertex   1.300000e+02 -1.600000e+02 1.890000e+02
      vertex   1.400000e+02 -1.600000e+02 1.890000e+02
      vertex   1.300000e+02 -1.600000e+02 3.000000e+01
    endloop
  endfacet
  facet normal 1.681758e-16 1.000000e+00 1.681758e-16
    outer loop
      vertex   1.300000e+02 -1.600000e+02 3.000000e+01
      vertex   1.400000e+02 -1.600000e+02 1.890000e+02
      vertex   1.400000e+02 -1.600000e+02 2.000000e+01
    endloop
  endfacet
  facet normal 0.000000e+00 1.000000e+00 0.000000e+00
    outer loop
      vertex   1.300000e+02 -1.600000e+02 3.000000e+01
      vertex   1.400000e+02 -1.600000e+02 2.000000e+01
      vertex   6.000000e+01 -1.600000e+02 2.000000e+01
    endloop
  endfacet
  facet normal 0.000000e+00 1.000000e+00 0.000000e+00
    outer loop
      vertex   1.300000e+02 -1.600000e+02 3.000000e+01
      vertex   6.000000e+01 -1.600000e+02 2.000000e+01
      vertex   7.000000e+01 -1.600000e+02 3.000000e+01
    endloop
  endfacet
  facet normal -1.681758e-16 1.000000e+00 1.681758e-16
    outer loop
      vertex   7.000000e+01 -1.600000e+02 3.000000e+01
      vertex   6.000000e+01 -1.600000e+02 2.000000e+01
      vertex   6.000000e+01 -1.600000e+02 1.890000e+02
    endloop
  endfacet
  facet normal 0.000000e+00 1.000000e+00 1.787529e-16
    outer loop
      vertex   7.000000e+01 -1.600000e+02 3.000000e+01
      vertex   6.000000e+01 -1.600000e+02 1.890000e+02
      vertex   7.000000e+01 -1.600000e+02 1.890000e+02
    endloop
  endfacet
  facet normal -1.000000e+00 -0.000000e+00 -0.000000e+00
    outer loop
      vertex   1.300000e+02 -1.600000e+02 1.890000e+02
      vertex   1.300000e+02 -1.600000e+02 3.000000e+01
      vertex   1.300000e+02 -2.500000e+02 1.890000e+02
    endloop
  endfacet
  facet normal -1.000000e+00 0.000000e+00 0.000000e+00
    outer loop
      vertex   1.300000e+02 -2.500000e+02 1.890000e+02
      vertex   1.300000e+02 -1.600000e+02 3.000000e+01
      vertex   1.300000e+02 -2.500000e+02 3.000000e+01
    endloop
  endfacet
  facet normal 1.000000e+00 -0.000000e+00 0.000000e+00
    outer loop
      vertex   1.400000e+02 -2.500000e+02 1.890000e+02
      vertex   1.400000e+02 -2.125000e+02 1.800000e+02
      vertex   1.400000e+02 -1.600000e+02 1.890000e+02
    endloop
  endfacet
  facet normal 1.000000e+00 0.000000e+00 0.000000e+00
    outer loop
      vertex   1.400000e+02 -1.600000e+02 1.890000e+02
      vertex   1.400000e+02 -2.125000e+02 1.800000e+02
      vertex   1.400000e+02 -1.975000e+02 1.800000e+02
    endloop
  endfacet
  facet normal 1.000000e+00 0.000000e+00 0.000000e+00
    outer loop
      vertex   1.400000e+02 -1.600000e+02 1.890000e+02
      vertex   1.400000e+02 -1.975000e+02 1.800000e+02
      vertex   1.400000e+02 -1.925000e+02 1.800000e+02
    endloop
  endfacet
  facet normal 1.000000e+00 0.000000e+00 -0.000000e+00
    outer loop
      vertex   1.400000e+02 -2.500000e+02 2.000000e+01
      vertex   1.400000e+02 -2.400000e+02 3.250000e+01
      vertex   1.400000e+02 -2.500000e+02 1.890000e+02
    endloop
  endfacet
  facet normal 1.000000e+00 0.000000e+00 0.000000e+00
    outer loop
      vertex   1.400000e+02 -2.500000e+02 1.890000e+02
      vertex   1.400000e+02 -2.400000e+02 3.250000e+01
      vertex   1.400000e+02 -2.400000e+02 1.775000e+02
    endloop
  endfacet
  facet normal 1.000000e+00 0.000000e+00 0.000000e+00
    outer loop
      vertex   1.400000e+02 -2.500000e+02 1.890000e+02
      vertex   1.400000e+02 -2.400000e+02 1.775000e+02
      vertex   1.400000e+02 -2.399148e+02 1.781470e+02
    endloop
  endfacet
  facet normal 1.000000e+00 0.000000e+00 0.000000e+00
    outer loop
      vertex   1.400000e+02 -1.600000e+02 2.000000e+01
      vertex   1.400000e+02 -2.125000e+02 3.000000e+01
      vertex   1.400000e+02 -2.500000e+02 2.000000e+01
    endloop
  endfacet
  facet normal 1.000000e+00 0.000000e+00 0.000000e+00
    outer loop
      vertex   1.400000e+02 -2.500000e+02 2.000000e+01
      vertex   1.400000e+02 -2.125000e+02 3.000000e+01
      vertex   1.400000e+02 -2.175000e+02 3.000000e+01
    endloop
  endfacet
  facet normal 1.000000e+00 0.000000e+00 0.000000e+00
    outer loop
      vertex   1.400000e+02 -2.500000e+02 2.000000e+01
      vertex   1.400000e+02 -2.175000e+02 3.000000e+01
      vertex   1.400000e+02 -2.181470e+02 3.008519e+01
    endloop
  endfacet
  facet normal 1.000000e+00 0.000000e+00 0.000000e+00
    outer loop
      vertex   1.400000e+02 -1.600000e+02 1.890000e+02
      vertex   1.400000e+02 -1.700000e+02 3.275000e+01
      vertex   1.400000e+02 -1.600000e+02 2.000000e+01
    endloop
  endfacet
  facet normal 1.000000e+00 0.000000e+00 0.000000e+00
    outer loop
      vertex   1.400000e+02 -1.600000e+02 2.000000e+01
      vertex   1.400000e+02 -1.700000e+02 3.275000e+01
      vertex   1.400000e+02 -1.700937e+02 3.203825e+01
    endloop
  endfacet
  facet normal 1.000000e+00 0.000000e+00 0.000000e+00
    outer loop
      vertex   1.400000e+02 -1.600000e+02 2.000000e+01
      vertex   1.400000e+02 -1.700937e+02 3.203825e+01
      vertex   1.400000e+02 -1.703684e+02 3.137500e+01
    endloop
  endfacet
  facet normal 1.000000e+00 0.000000e+00 0.000000e+00
    outer loop
      vertex   1.400000e+02 -2.318530e+02 3.008519e+01
      vertex   1.400000e+02 -2.325000e+02 3.000000e+01
      vertex   1.400000e+02 -2.500000e+02 2.000000e+01
    endloop
  endfacet
  facet normal 1.000000e+00 0.000000e+00 0.000000e+00
    outer loop
      vertex   1.400000e+02 -2.500000e+02 2.000000e+01
      vertex   1.400000e+02 -2.325000e+02 3.000000e+01
      vertex   1.400000e+02 -2.375000e+02 3.000000e+01
    endloop
  endfacet
  facet normal 1.000000e+00 0.000000e+00 0.000000e+00
    outer loop
      vertex   1.400000e+02 -2.500000e+02 2.000000e+01
      vertex   1.400000e+02 -2.375000e+02 3.000000e+01
      vertex   1.400000e+02 -2.381470e+02 3.008519e+01
    endloop
  endfacet
  facet normal 1.000000e+00 0.000000e+00 0.000000e+00
    outer loop
      vertex   1.400000e+02 -2.381470e+02 3.008519e+01
      vertex   1.400000e+02 -2.387500e+02 3.033494e+01
      vertex   1.400000e+02 -2.500000e+02 2.000000e+01
    endloop
  endfacet
  facet normal 1.000000e+00 0.000000e+00 0.000000e+00
    outer loop
      vertex   1.400000e+02 -2.500000e+02 2.000000e+01
      vertex   1.400000e+02 -2.387500e+02 3.033494e+01
      vertex   1.400000e+02 -2.392678e+02 3.073223e+01
    endloop
  endfacet
  facet normal 1.000000e+00 0.000000e+00 0.000000e+00
    outer loop
      vertex   1.400000e+02 -2.500000e+02 2.000000e+01
      vertex   1.400000e+02 -2.392678e+02 3.073223e+01
      vertex   1.400000e+02 -2.396651e+02 3.125000e+01
    endloop
  endfacet
  facet normal 1.000000e+00 0.000000e+00 0.000000e+00
    outer loop
      vertex   1.400000e+02 -2.396651e+02 3.125000e+01
      vertex   1.400000e+02 -2.399148e+02 3.185295e+01
      vertex   1.400000e+02 -2.500000e+02 2.000000e+01
    endloop
  endfacet
  facet normal 1.000000e+00 0.000000e+00 0.000000e+00
    outer loop
      vertex   1.400000e+02 -2.500000e+02 2.000000e+01
      vertex   1.400000e+02 -2.399148e+02 3.185295e+01
      vertex   1.400000e+02 -2.400000e+02 3.250000e+01
    endloop
  endfacet
  facet normal 1.000000e+00 0.000000e+00 -0.000000e+00
    outer loop
      vertex   1.400000e+02 -2.399148e+02 1.781470e+02
      vertex   1.400000e+02 -2.396651e+02 1.787500e+02
      vertex   1.400000e+02 -2.500000e+02 1.890000e+02
    endloop
  endfacet
  facet normal 1.000000e+00 0.000000e+00 0.000000e+00
    outer loop
      vertex   1.400000e+02 -2.500000e+02 1.890000e+02
      vertex   1.400000e+02 -2.396651e+02 1.787500e+02
      vertex   1.400000e+02 -2.392678e+02 1.792678e+02
    endloop
  endfacet
  facet normal 1.000000e+00 0.000000e+00 0.000000e+00
    outer loop
      vertex   1.400000e+02 -2.500000e+02 1.890000e+02
      vertex   1.400000e+02 -2.392678e+02 1.792678e+02
      vertex   1.400000e+02 -2.387500e+02 1.796651e+02
    endloop
  endfacet
  facet normal 1.000000e+00 0.000000e+00 -0.000000e+00
    outer loop
      vertex   1.400000e+02 -2.387500e+02 1.796651e+02
      vertex   1.400000e+02 -2.381470e+02 1.799148e+02
      vertex   1.400000e+02 -2.500000e+02 1.890000e+02
    endloop
  endfacet
  facet normal 1.000000e+00 0.000000e+00 0.000000e+00
    outer loop
      vertex   1.400000e+02 -2.500000e+02 1.890000e+02
      vertex   1.400000e+02 -2.381470e+02 1.799148e+02
      vertex   1.400000e+02 -2.375000e+02 1.800000e+02
    endloop
  endfacet
  facet normal 1.000000e+00 0.000000e+00 0.000000e+00
    outer loop
      vertex   1.400000e+02 -2.500000e+02 1.890000e+02
      vertex   1.400000e+02 -2.375000e+02 1.800000e+02
      vertex   1.400000e+02 -2.325000e+02 1.800000e+02
    endloop
  endfacet
  facet normal 1.000000e+00 -0.000000e+00 -0.000000e+00
    outer loop
      vertex   1.400000e+02 -2.325000e+02 1.800000e+02
      vertex   1.400000e+02 -2.318530e+02 1.799148e+02
      vertex   1.400000e+02 -2.500000e+02 1.890000e+02
    endloop
  endfacet
  facet normal 1.000000e+00 0.000000e+00 0.000000e+00
    outer loop
      vertex   1.400000e+02 -2.500000e+02 1.890000e+02
      vertex   1.400000e+02 -2.318530e+02 1.799148e+02
      vertex   1.400000e+02 -2.181470e+02 1.799148e+02
    endloop
  endfacet
  facet normal 1.000000e+00 0.000000e+00 0.000000e+00
    outer loop
      vertex   1.400000e+02 -2.500000e+02 1.890000e+02
      vertex   1.400000e+02 -2.181470e+02 1.799148e+02
      vertex   1.400000e+02 -2.175000e+02 1.800000e+02
    endloop
  endfacet
  facet normal 1.000000e+00 0.000000e+00 0.000000e+00
    outer loop
      vertex   1.400000e+02 -2.318530e+02 1.799148e+02
      vertex   1.400000e+02 -2.312500e+02 1.796651e+02
      vertex   1.400000e+02 -2.181470e+02 1.799148e+02
    endloop
  endfacet
  facet normal 1.000000e+00 0.000000e+00 0.000000e+00
    outer loop
      vertex   1.400000e+02 -2.181470e+02 1.799148e+02
      vertex   1.400000e+02 -2.312500e+02 1.796651e+02
      vertex   1.400000e+02 -2.187500e+02 1.796651e+02
    endloop
  endfacet
  facet normal 1.000000e+00 0.000000e+00 0.000000e+00
    outer loop
      vertex   1.400000e+02 -2.187500e+02 1.796651e+02
      vertex   1.400000e+02 -2.312500e+02 1.796651e+02
      vertex   1.400000e+02 -2.307322e+02 1.792678e+02
    endloop
  endfacet
  facet normal 1.000000e+00 0.000000e+00 0.000000e+00
    outer loop
      vertex   1.400000e+02 -2.187500e+02 1.796651e+02
      vertex   1.400000e+02 -2.307322e+02 1.792678e+02
      vertex   1.400000e+02 -2.192678e+02 1.792678e+02
    endloop
  endfacet
  facet normal 1.000000e+00 0.000000e+00 0.000000e+00
    outer loop
      vertex   1.400000e+02 -2.192678e+02 1.792678e+02
      vertex   1.400000e+02 -2.307322e+02 1.792678e+02
      vertex   1.400000e+02 -2.303349e+02 1.787500e+02
    endloop
  endfacet
  facet normal 1.000000e+00 0.000000e+00 0.000000e+00
    outer loop
      vertex   1.400000e+02 -2.192678e+02 1.792678e+02
      vertex   1.400000e+02 -2.303349e+02 1.787500e+02
      vertex   1.400000e+02 -2.196651e+02 1.787500e+02
    endloop
  endfacet
  facet normal 1.000000e+00 0.000000e+00 0.000000e+00
    outer loop
      vertex   1.400000e+02 -2.196651e+02 1.787500e+02
      vertex   1.400000e+02 -2.303349e+02 1.787500e+02
      vertex   1.400000e+02 -2.300852e+02 1.781470e+02
    endloop
  endfacet
  facet normal 1.000000e+00 0.000000e+00 0.000000e+00
    outer loop
      vertex   1.400000e+02 -2.196651e+02 1.787500e+02
      vertex   1.400000e+02 -2.300852e+02 1.781470e+02
      vertex   1.400000e+02 -2.199148e+02 1.781470e+02
    endloop
  endfacet
  facet normal 1.000000e+00 0.000000e+00 0.000000e+00
    outer loop
      vertex   1.400000e+02 -2.199148e+02 1.781470e+02
      vertex   1.400000e+02 -2.300852e+02 1.781470e+02
      vertex   1.400000e+02 -2.300000e+02 1.775000e+02
    endloop
  endfacet
  facet normal 1.000000e+00 0.000000e+00 0.000000e+00
    outer loop
      vertex   1.400000e+02 -2.199148e+02 1.781470e+02
      vertex   1.400000e+02 -2.300000e+02 1.775000e+02
      vertex   1.400000e+02 -2.200000e+02 1.775000e+02
    endloop
  endfacet
  facet normal 1.000000e+00 0.000000e+00 0.000000e+00
    outer loop
      vertex   1.400000e+02 -2.200000e+02 1.775000e+02
      vertex   1.400000e+02 -2.300000e+02 1.775000e+02
      vertex   1.400000e+02 -2.300000e+02 3.250000e+01
    endloop
  endfacet
  facet normal 1.000000e+00 0.000000e+00 0.000000e+00
    outer loop
      vertex   1.400000e+02 -2.200000e+02 1.775000e+02
      vertex   1.400000e+02 -2.300000e+02 3.250000e+01
      vertex   1.400000e+02 -2.200000e+02 3.250000e+01
    endloop
  endfacet
  facet normal 1.000000e+00 0.000000e+00 0.000000e+00
    outer loop
      vertex   1.400000e+02 -2.200000e+02 3.250000e+01
      vertex   1.400000e+02 -2.300000e+02 3.250000e+01
      vertex   1.400000e+02 -2.199148e+02 3.185295e+01
    endloop
  endfacet
  facet normal 1.000000e+00 0.000000e+00 0.000000e+00
    outer loop
      vertex   1.400000e+02 -2.199148e+02 3.185295e+01
      vertex   1.400000e+02 -2.300000e+02 3.250000e+01
      vertex   1.400000e+02 -2.300852e+02 3.185295e+01
    endloop
  endfacet
  facet normal 1.000000e+00 0.000000e+00 0.000000e+00
    outer loop
      vertex   1.400000e+02 -2.199148e+02 3.185295e+01
      vertex   1.400000e+02 -2.300852e+02 3.185295e+01
      vertex   1.400000e+02 -2.196651e+02 3.125000e+01
    endloop
  endfacet
  facet normal 1.000000e+00 0.000000e+00 0.000000e+00
    outer loop
      vertex   1.400000e+02 -2.196651e+02 3.125000e+01
      vertex   1.400000e+02 -2.300852e+02 3.185295e+01
      vertex   1.400000e+02 -2.303349e+02 3.125000e+01
    endloop
  endfacet
  facet normal 1.000000e+00 0.000000e+00 0.000000e+00
    outer loop
      vertex   1.400000e+02 -2.196651e+02 3.125000e+01
      vertex   1.400000e+02 -2.303349e+02 3.125000e+01
      vertex   1.400000e+02 -2.192678e+02 3.073223e+01
    endloop
  endfacet
  facet normal 1.000000e+00 0.000000e+00 0.000000e+00
    outer loop
      vertex   1.400000e+02 -2.192678e+02 3.073223e+01
      vertex   1.400000e+02 -2.303349e+02 3.125000e+01
      vertex   1.400000e+02 -2.307322e+02 3.073223e+01
    endloop
  endfacet
  facet normal 1.000000e+00 0.000000e+00 0.000000e+00
    outer loop
      vertex   1.400000e+02 -2.192678e+02 3.073223e+01
      vertex   1.400000e+02 -2.307322e+02 3.073223e+01
      vertex   1.400000e+02 -2.187500e+02 3.033494e+01
    endloop
  endfacet
  facet normal 1.000000e+00 0.000000e+00 0.000000e+00
    outer loop
      vertex   1.400000e+02 -2.187500e+02 3.033494e+01
      vertex   1.400000e+02 -2.307322e+02 3.073223e+01
      vertex   1.400000e+02 -2.312500e+02 3.033494e+01
    endloop
  endfacet
  facet normal 1.000000e+00 0.000000e+00 0.000000e+00
    outer loop
      vertex   1.400000e+02 -2.187500e+02 3.033494e+01
      vertex   1.400000e+02 -2.312500e+02 3.033494e+01
      vertex   1.400000e+02 -2.181470e+02 3.008519e+01
    endloop
  endfacet
  facet normal 1.000000e+00 0.000000e+00 0.000000e+00
    outer loop
      vertex   1.400000e+02 -2.181470e+02 3.008519e+01
      vertex   1.400000e+02 -2.312500e+02 3.033494e+01
      vertex   1.400000e+02 -2.318530e+02 3.008519e+01
    endloop
  endfacet
  facet normal 1.000000e+00 0.000000e+00 0.000000e+00
    outer loop
      vertex   1.400000e+02 -2.181470e+02 3.008519e+01
      vertex   1.400000e+02 -2.318530e+02 3.008519e+01
      vertex   1.400000e+02 -2.500000e+02 2.000000e+01
    endloop
  endfacet
  facet normal 1.000000e+00 0.000000e+00 0.000000e+00
    outer loop
      vertex   1.400000e+02 -1.799148e+02 3.185295e+01
      vertex   1.400000e+02 -1.800000e+02 3.250000e+01
      vertex   1.400000e+02 -1.900000e+02 3.250000e+01
    endloop
  endfacet
  facet normal 1.000000e+00 0.000000e+00 0.000000e+00
    outer loop
      vertex   1.400000e+02 -1.900000e+02 3.250000e+01
      vertex   1.400000e+02 -1.800000e+02 3.250000e+01
      vertex   1.400000e+02 -1.800000e+02 1.775000e+02
    endloop
  endfacet
  facet normal 1.000000e+00 0.000000e+00 0.000000e+00
    outer loop
      vertex   1.400000e+02 -1.900000e+02 3.250000e+01
      vertex   1.400000e+02 -1.800000e+02 1.775000e+02
      vertex   1.400000e+02 -1.900000e+02 1.775000e+02
    endloop
  endfacet
  facet normal 1.000000e+00 0.000000e+00 0.000000e+00
    outer loop
      vertex   1.400000e+02 -1.900000e+02 1.775000e+02
      vertex   1.400000e+02 -1.800000e+02 1.775000e+02
      vertex   1.400000e+02 -1.799148e+02 1.781470e+02
    endloop
  endfacet
  facet normal 1.000000e+00 0.000000e+00 -0.000000e+00
    outer loop
      vertex   1.400000e+02 -1.900000e+02 1.775000e+02
      vertex   1.400000e+02 -1.799148e+02 1.781470e+02
      vertex   1.400000e+02 -1.900852e+02 1.781470e+02
    endloop
  endfacet
  facet normal 1.000000e+00 0.000000e+00 0.000000e+00
    outer loop
      vertex   1.400000e+02 -1.900852e+02 1.781470e+02
      vertex   1.400000e+02 -1.799148e+02 1.781470e+02
      vertex   1.400000e+02 -1.796651e+02 1.787500e+02
    endloop
  endfacet
  facet normal 1.000000e+00 0.000000e+00 -0.000000e+00
    outer loop
      vertex   1.400000e+02 -1.900852e+02 1.781470e+02
      vertex   1.400000e+02 -1.796651e+02 1.787500e+02
      vertex   1.400000e+02 -1.903349e+02 1.787500e+02
    endloop
  endfacet
  facet normal 1.000000e+00 0.000000e+00 0.000000e+00
    outer loop
      vertex   1.400000e+02 -1.903349e+02 1.787500e+02
      vertex   1.400000e+02 -1.796651e+02 1.787500e+02
      vertex   1.400000e+02 -1.792678e+02 1.792678e+02
    endloop
  endfacet
  facet normal 1.000000e+00 0.000000e+00 -0.000000e+00
    outer loop
      vertex   1.400000e+02 -1.903349e+02 1.787500e+02
      vertex   1.400000e+02 -1.792678e+02 1.792678e+02
      vertex   1.400000e+02 -1.907322e+02 1.792678e+02
    endloop
  endfacet
  facet normal 1.000000e+00 0.000000e+00 0.000000e+00
    outer loop
      vertex   1.400000e+02 -1.907322e+02 1.792678e+02
      vertex   1.400000e+02 -1.792678e+02 1.792678e+02
      vertex   1.400000e+02 -1.787500e+02 1.796651e+02
    endloop
  endfacet
  facet normal 1.000000e+00 0.000000e+00 -0.000000e+00
    outer loop
      vertex   1.400000e+02 -1.907322e+02 1.792678e+02
      vertex   1.400000e+02 -1.787500e+02 1.796651e+02
      vertex   1.400000e+02 -1.912500e+02 1.796651e+02
    endloop
  endfacet
  facet normal 1.000000e+00 0.000000e+00 -0.000000e+00
    outer loop
      vertex   1.400000e+02 -1.912500e+02 1.796651e+02
      vertex   1.400000e+02 -1.787500e+02 1.796651e+02
      vertex   1.400000e+02 -1.918530e+02 1.799148e+02
    endloop
  endfacet
  facet normal 1.000000e+00 0.000000e+00 0.000000e+00
    outer loop
      vertex   1.400000e+02 -1.918530e+02 1.799148e+02
      vertex   1.400000e+02 -1.787500e+02 1.796651e+02
      vertex   1.400000e+02 -1.781470e+02 1.799148e+02
    endloop
  endfacet
  facet normal 1.000000e+00 -0.000000e+00 0.000000e+00
    outer loop
      vertex   1.400000e+02 -1.918530e+02 1.799148e+02
      vertex   1.400000e+02 -1.781470e+02 1.799148e+02
      vertex   1.400000e+02 -1.600000e+02 1.890000e+02
    endloop
  endfacet
  facet normal 1.000000e+00 0.000000e+00 0.000000e+00
    outer loop
      vertex   1.400000e+02 -1.600000e+02 1.890000e+02
      vertex   1.400000e+02 -1.781470e+02 1.799148e+02
      vertex   1.400000e+02 -1.775000e+02 1.800000e+02
    endloop
  endfacet
  facet normal 1.000000e+00 0.000000e+00 0.000000e+00
    outer loop
      vertex   1.400000e+02 -1.600000e+02 1.890000e+02
      vertex   1.400000e+02 -1.775000e+02 1.800000e+02
      vertex   1.400000e+02 -1.725000e+02 1.800000e+02
    endloop
  endfacet
  facet normal 1.000000e+00 -0.000000e+00 0.000000e+00
    outer loop
      vertex   1.400000e+02 -1.725000e+02 1.800000e+02
      vertex   1.400000e+02 -1.718530e+02 1.799148e+02
      vertex   1.400000e+02 -1.600000e+02 1.890000e+02
    endloop
  endfacet
  facet normal 1.000000e+00 0.000000e+00 0.000000e+00
    outer loop
      vertex   1.400000e+02 -1.600000e+02 1.890000e+02
      vertex   1.400000e+02 -1.718530e+02 1.799148e+02
      vertex   1.400000e+02 -1.712500e+02 1.796651e+02
    endloop
  endfacet
  facet normal 1.000000e+00 0.000000e+00 0.000000e+00
    outer loop
      vertex   1.400000e+02 -1.600000e+02 1.890000e+02
      vertex   1.400000e+02 -1.712500e+02 1.796651e+02
      vertex   1.400000e+02 -1.707322e+02 1.792678e+02
    endloop
  endfacet
  facet normal 1.000000e+00 -0.000000e+00 0.000000e+00
    outer loop
      vertex   1.400000e+02 -1.707322e+02 1.792678e+02
      vertex   1.400000e+02 -1.703349e+02 1.787500e+02
      vertex   1.400000e+02 -1.600000e+02 1.890000e+02
    endloop
  endfacet
  facet normal 1.000000e+00 0.000000e+00 0.000000e+00
    outer loop
      vertex   1.400000e+02 -1.600000e+02 1.890000e+02
      vertex   1.400000e+02 -1.703349e+02 1.787500e+02
      vertex   1.400000e+02 -1.700852e+02 1.781470e+02
    endloop
  endfacet
  facet normal 1.000000e+00 0.000000e+00 0.000000e+00
    outer loop
      vertex   1.400000e+02 -1.600000e+02 1.890000e+02
      vertex   1.400000e+02 -1.700852e+02 1.781470e+02
      vertex   1.400000e+02 -1.700000e+02 1.775000e+02
    endloop
  endfacet
  facet normal 1.000000e+00 -0.000000e+00 0.000000e+00
    outer loop
      vertex   1.400000e+02 -1.700000e+02 1.775000e+02
      vertex   1.400000e+02 -1.700000e+02 3.275000e+01
      vertex   1.400000e+02 -1.600000e+02 1.890000e+02
    endloop
  endfacet
  facet normal 1.000000e+00 0.000000e+00 0.000000e+00
    outer loop
      vertex   1.400000e+02 -1.703684e+02 3.137500e+01
      vertex   1.400000e+02 -1.708055e+02 3.080546e+01
      vertex   1.400000e+02 -1.600000e+02 2.000000e+01
    endloop
  endfacet
  facet normal 1.000000e+00 0.000000e+00 0.000000e+00
    outer loop
      vertex   1.400000e+02 -1.600000e+02 2.000000e+01
      vertex   1.400000e+02 -1.708055e+02 3.080546e+01
      vertex   1.400000e+02 -1.713750e+02 3.036843e+01
    endloop
  endfacet
  facet normal 1.000000e+00 0.000000e+00 0.000000e+00
    outer loop
      vertex   1.400000e+02 -1.600000e+02 2.000000e+01
      vertex   1.400000e+02 -1.713750e+02 3.036843e+01
      vertex   1.400000e+02 -1.720382e+02 3.009370e+01
    endloop
  endfacet
  facet normal 1.000000e+00 0.000000e+00 0.000000e+00
    outer loop
      vertex   1.400000e+02 -1.720382e+02 3.009370e+01
      vertex   1.400000e+02 -1.727500e+02 3.000000e+01
      vertex   1.400000e+02 -1.600000e+02 2.000000e+01
    endloop
  endfacet
  facet normal 1.000000e+00 0.000000e+00 0.000000e+00
    outer loop
      vertex   1.400000e+02 -1.600000e+02 2.000000e+01
      vertex   1.400000e+02 -1.727500e+02 3.000000e+01
      vertex   1.400000e+02 -1.775000e+02 3.000000e+01
    endloop
  endfacet
  facet normal 1.000000e+00 0.000000e+00 0.000000e+00
    outer loop
      vertex   1.400000e+02 -1.600000e+02 2.000000e+01
      vertex   1.400000e+02 -1.775000e+02 3.000000e+01
      vertex   1.400000e+02 -1.781470e+02 3.008519e+01
    endloop
  endfacet
  facet normal 1.000000e+00 0.000000e+00 0.000000e+00
    outer loop
      vertex   1.400000e+02 -1.600000e+02 2.000000e+01
      vertex   1.400000e+02 -1.781470e+02 3.008519e+01
      vertex   1.400000e+02 -1.918530e+02 3.008519e+01
    endloop
  endfacet
  facet normal 1.000000e+00 0.000000e+00 0.000000e+00
    outer loop
      vertex   1.400000e+02 -1.918530e+02 3.008519e+01
      vertex   1.400000e+02 -1.781470e+02 3.008519e+01
      vertex   1.400000e+02 -1.787500e+02 3.033494e+01
    endloop
  endfacet
  facet normal 1.000000e+00 0.000000e+00 0.000000e+00
    outer loop
      vertex   1.400000e+02 -1.918530e+02 3.008519e+01
      vertex   1.400000e+02 -1.787500e+02 3.033494e+01
      vertex   1.400000e+02 -1.912500e+02 3.033494e+01
    endloop
  endfacet
  facet normal 1.000000e+00 0.000000e+00 0.000000e+00
    outer loop
      vertex   1.400000e+02 -1.912500e+02 3.033494e+01
      vertex   1.400000e+02 -1.787500e+02 3.033494e+01
      vertex   1.400000e+02 -1.907322e+02 3.073223e+01
    endloop
  endfacet
  facet normal 1.000000e+00 -0.000000e+00 0.000000e+00
    outer loop
      vertex   1.400000e+02 -1.907322e+02 3.073223e+01
      vertex   1.400000e+02 -1.787500e+02 3.033494e+01
      vertex   1.400000e+02 -1.792678e+02 3.073223e+01
    endloop
  endfacet
  facet normal 1.000000e+00 0.000000e+00 0.000000e+00
    outer loop
      vertex   1.400000e+02 -1.907322e+02 3.073223e+01
      vertex   1.400000e+02 -1.792678e+02 3.073223e+01
      vertex   1.400000e+02 -1.903349e+02 3.125000e+01
    endloop
  endfacet
  facet normal 1.000000e+00 -0.000000e+00 0.000000e+00
    outer loop
      vertex   1.400000e+02 -1.903349e+02 3.125000e+01
      vertex   1.400000e+02 -1.792678e+02 3.073223e+01
      vertex   1.400000e+02 -1.796651e+02 3.125000e+01
    endloop
  endfacet
  facet normal 1.000000e+00 0.000000e+00 0.000000e+00
    outer loop
      vertex   1.400000e+02 -1.903349e+02 3.125000e+01
      vertex   1.400000e+02 -1.796651e+02 3.125000e+01
      vertex   1.400000e+02 -1.900852e+02 3.185295e+01
    endloop
  endfacet
  facet normal 1.000000e+00 -0.000000e+00 0.000000e+00
    outer loop
      vertex   1.400000e+02 -1.900852e+02 3.185295e+01
      vertex   1.400000e+02 -1.796651e+02 3.125000e+01
      vertex   1.400000e+02 -1.799148e+02 3.185295e+01
    endloop
  endfacet
  facet normal 1.000000e+00 0.000000e+00 0.000000e+00
    outer loop
      vertex   1.400000e+02 -1.900852e+02 3.185295e+01
      vertex   1.400000e+02 -1.799148e+02 3.185295e+01
      vertex   1.400000e+02 -1.900000e+02 3.250000e+01
    endloop
  endfacet
  facet normal 1.000000e+00 0.000000e+00 -0.000000e+00
    outer loop
      vertex   1.400000e+02 -2.175000e+02 1.800000e+02
      vertex   1.400000e+02 -2.125000e+02 1.800000e+02
      vertex   1.400000e+02 -2.500000e+02 1.890000e+02
    endloop
  endfacet
  facet normal 1.000000e+00 0.000000e+00 0.000000e+00
    outer loop
      vertex   1.400000e+02 -1.975000e+02 1.800000e+02
      vertex   1.400000e+02 -2.125000e+02 1.800000e+02
      vertex   1.400000e+02 -1.981470e+02 1.799148e+02
    endloop
  endfacet
  facet normal 1.000000e+00 0.000000e+00 0.000000e+00
    outer loop
      vertex   1.400000e+02 -1.981470e+02 1.799148e+02
      vertex   1.400000e+02 -2.125000e+02 1.800000e+02
      vertex   1.400000e+02 -2.118530e+02 1.799148e+02
    endloop
  endfacet
  facet normal 1.000000e+00 0.000000e+00 0.000000e+00
    outer loop
      vertex   1.400000e+02 -1.981470e+02 1.799148e+02
      vertex   1.400000e+02 -2.118530e+02 1.799148e+02
      vertex   1.400000e+02 -2.112500e+02 1.796651e+02
    endloop
  endfacet
  facet normal 1.000000e+00 0.000000e+00 0.000000e+00
    outer loop
      vertex   1.400000e+02 -1.981470e+02 1.799148e+02
      vertex   1.400000e+02 -2.112500e+02 1.796651e+02
      vertex   1.400000e+02 -1.987500e+02 1.796651e+02
    endloop
  endfacet
  facet normal 1.000000e+00 0.000000e+00 0.000000e+00
    outer loop
      vertex   1.400000e+02 -1.987500e+02 1.796651e+02
      vertex   1.400000e+02 -2.112500e+02 1.796651e+02
      vertex   1.400000e+02 -2.107322e+02 1.792678e+02
    endloop
  endfacet
  facet normal 1.000000e+00 0.000000e+00 0.000000e+00
    outer loop
      vertex   1.400000e+02 -1.987500e+02 1.796651e+02
      vertex   1.400000e+02 -2.107322e+02 1.792678e+02
      vertex   1.400000e+02 -1.992678e+02 1.792678e+02
    endloop
  endfacet
  facet normal 1.000000e+00 0.000000e+00 0.000000e+00
    outer loop
      vertex   1.400000e+02 -1.992678e+02 1.792678e+02
      vertex   1.400000e+02 -2.107322e+02 1.792678e+02
      vertex   1.400000e+02 -2.103349e+02 1.787500e+02
    endloop
  endfacet
  facet normal 1.000000e+00 0.000000e+00 0.000000e+00
    outer loop
      vertex   1.400000e+02 -1.992678e+02 1.792678e+02
      vertex   1.400000e+02 -2.103349e+02 1.787500e+02
      vertex   1.400000e+02 -1.996651e+02 1.787500e+02
    endloop
  endfacet
  facet normal 1.000000e+00 0.000000e+00 0.000000e+00
    outer loop
      vertex   1.400000e+02 -1.996651e+02 1.787500e+02
      vertex   1.400000e+02 -2.103349e+02 1.787500e+02
      vertex   1.400000e+02 -2.100852e+02 1.781470e+02
    endloop
  endfacet
  facet normal 1.000000e+00 0.000000e+00 0.000000e+00
    outer loop
      vertex   1.400000e+02 -1.996651e+02 1.787500e+02
      vertex   1.400000e+02 -2.100852e+02 1.781470e+02
      vertex   1.400000e+02 -1.999148e+02 1.781470e+02
    endloop
  endfacet
  facet normal 1.000000e+00 0.000000e+00 0.000000e+00
    outer loop
      vertex   1.400000e+02 -1.999148e+02 1.781470e+02
      vertex   1.400000e+02 -2.100852e+02 1.781470e+02
      vertex   1.400000e+02 -2.100000e+02 1.775000e+02
    endloop
  endfacet
  facet normal 1.000000e+00 0.000000e+00 0.000000e+00
    outer loop
      vertex   1.400000e+02 -1.999148e+02 1.781470e+02
      vertex   1.400000e+02 -2.100000e+02 1.775000e+02
      vertex   1.400000e+02 -2.000000e+02 1.775000e+02
    endloop
  endfacet
  facet normal 1.000000e+00 0.000000e+00 0.000000e+00
    outer loop
      vertex   1.400000e+02 -2.000000e+02 1.775000e+02
      vertex   1.400000e+02 -2.100000e+02 1.775000e+02
      vertex   1.400000e+02 -2.100000e+02 3.250000e+01
    endloop
  endfacet
  facet normal 1.000000e+00 0.000000e+00 0.000000e+00
    outer loop
      vertex   1.400000e+02 -2.000000e+02 1.775000e+02
      vertex   1.400000e+02 -2.100000e+02 3.250000e+01
      vertex   1.400000e+02 -2.000000e+02 3.250000e+01
    endloop
  endfacet
  facet normal 1.000000e+00 0.000000e+00 0.000000e+00
    outer loop
      vertex   1.400000e+02 -2.000000e+02 3.250000e+01
      vertex   1.400000e+02 -2.100000e+02 3.250000e+01
      vertex   1.400000e+02 -1.999148e+02 3.185295e+01
    endloop
  endfacet
  facet normal 1.000000e+00 0.000000e+00 0.000000e+00
    outer loop
      vertex   1.400000e+02 -1.999148e+02 3.185295e+01
      vertex   1.400000e+02 -2.100000e+02 3.250000e+01
      vertex   1.400000e+02 -2.100852e+02 3.185295e+01
    endloop
  endfacet
  facet normal 1.000000e+00 0.000000e+00 0.000000e+00
    outer loop
      vertex   1.400000e+02 -1.999148e+02 3.185295e+01
      vertex   1.400000e+02 -2.100852e+02 3.185295e+01
      vertex   1.400000e+02 -1.996651e+02 3.125000e+01
    endloop
  endfacet
  facet normal 1.000000e+00 0.000000e+00 0.000000e+00
    outer loop
      vertex   1.400000e+02 -1.996651e+02 3.125000e+01
      vertex   1.400000e+02 -2.100852e+02 3.185295e+01
      vertex   1.400000e+02 -2.103349e+02 3.125000e+01
    endloop
  endfacet
  facet normal 1.000000e+00 0.000000e+00 0.000000e+00
    outer loop
      vertex   1.400000e+02 -1.996651e+02 3.125000e+01
      vertex   1.400000e+02 -2.103349e+02 3.125000e+01
      vertex   1.400000e+02 -1.992678e+02 3.073223e+01
    endloop
  endfacet
  facet normal 1.000000e+00 0.000000e+00 0.000000e+00
    outer loop
      vertex   1.400000e+02 -1.992678e+02 3.073223e+01
      vertex   1.400000e+02 -2.103349e+02 3.125000e+01
      vertex   1.400000e+02 -2.107322e+02 3.073223e+01
    endloop
  endfacet
  facet normal 1.000000e+00 0.000000e+00 0.000000e+00
    outer loop
      vertex   1.400000e+02 -1.992678e+02 3.073223e+01
      vertex   1.400000e+02 -2.107322e+02 3.073223e+01
      vertex   1.400000e+02 -1.987500e+02 3.033494e+01
    endloop
  endfacet
  facet normal 1.000000e+00 0.000000e+00 0.000000e+00
    outer loop
      vertex   1.400000e+02 -1.987500e+02 3.033494e+01
      vertex   1.400000e+02 -2.107322e+02 3.073223e+01
      vertex   1.400000e+02 -2.112500e+02 3.033494e+01
    endloop
  endfacet
  facet normal 1.000000e+00 0.000000e+00 0.000000e+00
    outer loop
      vertex   1.400000e+02 -1.987500e+02 3.033494e+01
      vertex   1.400000e+02 -2.112500e+02 3.033494e+01
      vertex   1.400000e+02 -1.981470e+02 3.008519e+01
    endloop
  endfacet
  facet normal 1.000000e+00 0.000000e+00 0.000000e+00
    outer loop
      vertex   1.400000e+02 -1.981470e+02 3.008519e+01
      vertex   1.400000e+02 -2.112500e+02 3.033494e+01
      vertex   1.400000e+02 -2.118530e+02 3.008519e+01
    endloop
  endfacet
  facet normal 1.000000e+00 0.000000e+00 0.000000e+00
    outer loop
      vertex   1.400000e+02 -1.981470e+02 3.008519e+01
      vertex   1.400000e+02 -2.118530e+02 3.008519e+01
      vertex   1.400000e+02 -2.125000e+02 3.000000e+01
    endloop
  endfacet
  facet normal 1.000000e+00 0.000000e+00 0.000000e+00
    outer loop
      vertex   1.400000e+02 -1.918530e+02 3.008519e+01
      vertex   1.400000e+02 -1.925000e+02 3.000000e+01
      vertex   1.400000e+02 -1.600000e+02 2.000000e+01
    endloop
  endfacet
  facet normal 1.000000e+00 0.000000e+00 0.000000e+00
    outer loop
      vertex   1.400000e+02 -1.600000e+02 2.000000e+01
      vertex   1.400000e+02 -1.925000e+02 3.000000e+01
      vertex   1.400000e+02 -1.975000e+02 3.000000e+01
    endloop
  endfacet
  facet normal 1.000000e+00 0.000000e+00 0.000000e+00
    outer loop
      vertex   1.400000e+02 -1.600000e+02 2.000000e+01
      vertex   1.400000e+02 -1.975000e+02 3.000000e+01
      vertex   1.400000e+02 -2.125000e+02 3.000000e+01
    endloop
  endfacet
  facet normal 1.000000e+00 0.000000e+00 0.000000e+00
    outer loop
      vertex   1.400000e+02 -2.125000e+02 3.000000e+01
      vertex   1.400000e+02 -1.975000e+02 3.000000e+01
      vertex   1.400000e+02 -1.981470e+02 3.008519e+01
    endloop
  endfacet
  facet normal 1.000000e+00 -0.000000e+00 0.000000e+00
    outer loop
      vertex   1.400000e+02 -1.925000e+02 1.800000e+02
      vertex   1.400000e+02 -1.918530e+02 1.799148e+02
      vertex   1.400000e+02 -1.600000e+02 1.890000e+02
    endloop
  endfacet
  facet normal 0.000000e+00 -0.000000e+00 1.000000e+00
    outer loop
      vertex   6.800000e+01 -1.620000e+02 1.890000e+02
      vertex   7.000000e+01 -1.600000e+02 1.890000e+02
      vertex   6.200000e+01 -1.620000e+02 1.890000e+02
    endloop
  endfacet
  facet normal 0.000000e+00 -0.000000e+00 1.000000e+00
    outer loop
      vertex   6.200000e+01 -1.620000e+02 1.890000e+02
      vertex   7.000000e+01 -1.600000e+02 1.890000e+02
      vertex   6.000000e+01 -1.600000e+02 1.890000e+02
    endloop
  endfacet
  facet normal 0.000000e+00 0.000000e+00 1.000000e+00
    outer loop
      vertex   6.200000e+01 -1.620000e+02 1.890000e+02
      vertex   6.000000e+01 -1.600000e+02 1.890000e+02
      vertex   6.000000e+01 -2.500000e+02 1.890000e+02
    endloop
  endfacet
  facet normal 0.000000e+00 0.000000e+00 1.000000e+00
    outer loop
      vertex   7.000000e+01 -1.600000e+02 1.890000e+02
      vertex   6.800000e+01 -1.620000e+02 1.890000e+02
      vertex   7.000000e+01 -2.500000e+02 1.890000e+02
    endloop
  endfacet
  facet normal 0.000000e+00 0.000000e+00 1.000000e+00
    outer loop
      vertex   7.000000e+01 -2.500000e+02 1.890000e+02
      vertex   6.800000e+01 -1.620000e+02 1.890000e+02
      vertex   6.800000e+01 -2.480000e+02 1.890000e+02
    endloop
  endfacet
  facet normal 0.000000e+00 0.000000e+00 1.000000e+00
    outer loop
      vertex   7.000000e+01 -2.500000e+02 1.890000e+02
      vertex   6.800000e+01 -2.480000e+02 1.890000e+02
      vertex   6.200000e+01 -2.480000e+02 1.890000e+02
    endloop
  endfacet
  facet normal 0.000000e+00 0.000000e+00 1.000000e+00
    outer loop
      vertex   7.000000e+01 -2.500000e+02 1.890000e+02
      vertex   6.200000e+01 -2.480000e+02 1.890000e+02
      vertex   6.000000e+01 -2.500000e+02 1.890000e+02
    endloop
  endfacet
  facet normal 0.000000e+00 0.000000e+00 1.000000e+00
    outer loop
      vertex   6.000000e+01 -2.500000e+02 1.890000e+02
      vertex   6.200000e+01 -2.480000e+02 1.890000e+02
      vertex   6.200000e+01 -1.620000e+02 1.890000e+02
    endloop
  endfacet
  facet normal -0.000000e+00 0.000000e+00 1.000000e+00
    outer loop
      vertex   1.380000e+02 -2.480000e+02 1.890000e+02
      vertex   1.400000e+02 -2.500000e+02 1.890000e+02
      vertex   1.380000e+02 -1.620000e+02 1.890000e+02
    endloop
  endfacet
  facet normal -0.000000e+00 0.000000e+00 1.000000e+00
    outer loop
      vertex   1.380000e+02 -1.620000e+02 1.890000e+02
      vertex   1.400000e+02 -2.500000e+02 1.890000e+02
      vertex   1.400000e+02 -1.600000e+02 1.890000e+02
    endloop
  endfacet
  facet normal 0.000000e+00 -0.000000e+00 1.000000e+00
    outer loop
      vertex   1.380000e+02 -1.620000e+02 1.890000e+02
      vertex   1.400000e+02 -1.600000e+02 1.890000e+02
      vertex   1.320000e+02 -1.620000e+02 1.890000e+02
    endloop
  endfacet
  facet normal 0.000000e+00 -0.000000e+00 1.000000e+00
    outer loop
      vertex   1.320000e+02 -1.620000e+02 1.890000e+02
      vertex   1.400000e+02 -1.600000e+02 1.890000e+02
      vertex   1.300000e+02 -1.600000e+02 1.890000e+02
    endloop
  endfacet
  facet normal 0.000000e+00 0.000000e+00 1.000000e+00
    outer loop
      vertex   1.320000e+02 -1.620000e+02 1.890000e+02
      vertex   1.300000e+02 -1.600000e+02 1.890000e+02
      vertex   1.300000e+02 -2.500000e+02 1.890000e+02
    endloop
  endfacet
  facet normal 0.000000e+00 0.000000e+00 1.000000e+00
    outer loop
      vertex   1.380000e+02 -2.480000e+02 1.890000e+02
      vertex   1.320000e+02 -2.480000e+02 1.890000e+02
      vertex   1.400000e+02 -2.500000e+02 1.890000e+02
    endloop
  endfacet
  facet normal 0.000000e+00 0.000000e+00 1.000000e+00
    outer loop
      vertex   1.400000e+02 -2.500000e+02 1.890000e+02
      vertex   1.320000e+02 -2.480000e+02 1.890000e+02
      vertex   1.300000e+02 -2.500000e+02 1.890000e+02
    endloop
  endfacet
  facet normal 0.000000e+00 0.000000e+00 1.000000e+00
    outer loop
      vertex   1.300000e+02 -2.500000e+02 1.890000e+02
      vertex   1.320000e+02 -2.480000e+02 1.890000e+02
      vertex   1.320000e+02 -1.620000e+02 1.890000e+02
    endloop
  endfacet
endsolid
